,pitcher_id,FF,SL,FT,CH,CU,SI,FC,KC,FS,KN
0,466948.0,0.4766355140186916,0.009345794392523364,0.056074766355140186,0.35514018691588783,0.102803738317757,0.0,0.0,0.0,0.0,0.0
1,456713.0,0.451271186440678,0.04766949152542373,0.24046610169491525,0.001059322033898305,0.13771186440677965,0.0,0.12182203389830508,0.0,0.0,0.0
2,622608.0,0.7204155374887082,0.22177055103884372,0.0,0.02710027100271003,0.03071364046973803,0.0,0.0,0.0,0.0,0.0
3,501789.0,0.2653673163418291,0.0,0.0,0.0,0.3118440779610195,0.0,0.42278860569715143,0.0,0.0,0.0
4,596001.0,0.20973044049967127,0.33925049309664695,0.0,0.06903353057199212,0.03747534516765286,0.3445101906640368,0.0,0.0,0.0,0.0
5,493603.0,0.3336510962821735,0.46234509056244044,0.1754051477597712,0.0,0.0,0.0,0.028598665395614873,0.0,0.0,0.0
6,593958.0,0.5516260162601626,0.08983739837398375,0.1048780487804878,0.18089430894308944,0.0,0.0,0.07276422764227643,0.0,0.0,0.0
7,276520.0,0.23539668700959024,0.2074978204010462,0.0,0.0967741935483871,0.2807323452484743,0.1046207497820401,0.07497820401046207,0.0,0.0,0.0
8,471083.0,0.64,0.0,0.32,0.04,0.0,0.0,0.0,0.0,0.0,0.0
9,452657.0,0.38060179257362353,0.0,0.0,0.0851472471190781,0.13124199743918052,0.11875800256081946,0.28425096030729835,0.0,0.0,0.0
10,593969.0,0.4936708860759494,0.0,0.004219409282700422,0.189873417721519,0.08016877637130802,0.0,0.2320675105485232,0.0,0.0,0.0
11,444468.0,0.5210420841683366,0.35771543086172347,0.09318637274549098,0.028056112224448898,0.0,0.0,0.0,0.0,0.0,0.0
12,593974.0,0.4876604146100691,0.2694965449160908,0.045409674234945706,0.19743336623889438,0.0,0.0,0.0,0.0,0.0,0.0
13,501817.0,0.24444444444444444,0.0,0.0,0.0,0.18067632850241547,0.0647342995169082,0.463768115942029,0.0,0.0463768115942029,0.0
14,452666.0,0.34811529933481156,0.21951219512195122,0.22172949002217296,0.03325942350332594,0.17738359201773837,0.0,0.0,0.0,0.0,0.0
15,596027.0,0.3669724770642202,0.5229357798165137,0.06422018348623854,0.0,0.045871559633027525,0.0,0.0,0.0,0.0,0.0
16,276542.0,0.5017421602787456,0.1254355400696864,0.09291521486643438,0.27990708478513354,0.0,0.0,0.0,0.0,0.0,0.0
17,501822.0,0.49355797819623387,0.24578790882061446,0.0009910802775024777,0.0,0.024777006937561942,0.0,0.027750247770069375,0.0,0.20713577799801783,0.0
18,467008.0,0.19881889763779528,0.2854330708661417,0.3572834645669291,0.0,0.0,0.0,0.0,0.0,0.15846456692913385,0.0
19,606273.0,0.5454545454545454,0.0,0.0,0.2727272727272727,0.18181818181818182,0.0,0.0,0.0,0.0,0.0
20,544836.0,0.778,0.215,0.0,0.0,0.002,0.0,0.005,0.0,0.0,0.0
21,622663.0,0.513469652710159,0.35086011035378123,0.0,0.13567023693605973,0.0,0.0,0.0,0.0,0.0,0.0
22,608328.0,0.4104803493449782,0.1331877729257642,0.17903930131004367,0.12882096069868995,0.14847161572052403,0.0,0.0,0.0,0.0,0.0
23,596043.0,0.5546995377503852,0.16486902927580893,0.0030816640986132513,0.1325115562403698,0.1448382126348228,0.0,0.0,0.0,0.0,0.0
24,608331.0,0.5710900473933649,0.0,0.011848341232227487,0.0971563981042654,0.27014218009478674,0.0,0.04976303317535545,0.0,0.0,0.0
25,608334.0,0.49414519906323184,0.0,0.0351288056206089,0.1053864168618267,0.12412177985948478,0.0,0.24121779859484777,0.0,0.0,0.0
26,571473.0,0.3939393939393939,0.2053872053872054,0.37037037037037035,0.030303030303030304,0.0,0.0,0.0,0.0,0.0,0.0
27,612434.0,0.01842870999030068,0.27740058195926287,0.0,0.10475266731328807,0.0,0.5994180407371484,0.0,0.0,0.0,0.0
28,608337.0,0.4950071326676177,0.12410841654778887,0.10271041369472182,0.16405135520684735,0.11412268188302425,0.0,0.0,0.0,0.0,0.0
29,571476.0,0.5052173913043478,0.30695652173913046,0.0808695652173913,0.10608695652173913,0.0008695652173913044,0.0,0.0,0.0,0.0,0.0
30,596057.0,0.5334063526834611,0.23110624315443593,0.013691128148959474,0.12431544359255203,0.09748083242059145,0.0,0.0,0.0,0.0,0.0
31,608349.0,0.7172312223858616,0.0,0.0,0.0,0.0,0.0,0.0,0.28276877761413843,0.0,0.0
32,448609.0,0.3328313253012048,0.4006024096385542,0.16114457831325302,0.0,0.0,0.0,0.0,0.0,0.10542168674698796,0.0
33,448614.0,0.5656728444802579,0.021756647864625302,0.031426269137792104,0.0,0.11361804995970991,0.0,0.26752618855761484,0.0,0.0,0.0
34,596071.0,0.31213872832369943,0.0,0.18689788053949905,0.12716763005780346,0.3737957610789981,0.0,0.0,0.0,0.0,0.0
35,444520.0,0.03709949409780776,0.0,0.5868465430016864,0.18381112984822934,0.19224283305227655,0.0,0.0,0.0,0.0,0.0
36,491624.0,0.156,0.094,0.0,0.494,0.0,0.256,0.0,0.0,0.0,0.0
37,475243.0,0.46662763466042156,0.10070257611241218,0.09660421545667447,0.08723653395784543,0.04742388758782201,0.0,0.20140515222482436,0.0,0.0,0.0
38,452718.0,0.01282051282051282,0.21794871794871795,0.0,0.0,0.0,0.46794871794871795,0.1282051282051282,0.0,0.17307692307692307,0.0
39,622703.0,0.3111111111111111,0.17777777777777778,0.06666666666666667,0.37777777777777777,0.06666666666666667,0.0,0.0,0.0,0.0,0.0
40,608371.0,0.24974619289340103,0.27106598984771574,0.0,0.1299492385786802,0.13096446700507614,0.2182741116751269,0.0,0.0,0.0,0.0
41,571510.0,0.2506415739948674,0.11591103507271172,0.24422583404619333,0.20829769033361847,0.18092386655260906,0.0,0.0,0.0,0.0,0.0
42,608379.0,0.49589858314690527,0.0,0.03467561521252797,0.1853094705443699,0.11483967188665176,0.0,0.16927665920954513,0.0,0.0,0.0
43,491646.0,0.0332409972299169,0.1329639889196676,0.0,0.2409972299168975,0.0,0.592797783933518,0.0,0.0,0.0,0.0
44,571521.0,0.6543535620052771,0.3403693931398417,0.0,0.005277044854881266,0.0,0.0,0.0,0.0,0.0,0.0
45,594056.0,0.6388888888888888,0.3611111111111111,0.0,0.0,0.0,0.0,0.0,0.0,0.0,0.0
46,645261.0,0.25161290322580643,0.21935483870967742,0.0,0.12903225806451613,0.0,0.4,0.0,0.0,0.0,0.0
47,596112.0,0.5475701574264202,0.19164955509924708,0.0006844626967830253,0.1704312114989733,0.08966461327857632,0.0,0.0,0.0,0.0,0.0
48,573589.0,0.10961214165261383,0.25126475548060706,0.4148397976391231,0.05902192242833052,0.16526138279932545,0.0,0.0,0.0,0.0,0.0
49,467100.0,0.25232919254658387,0.0,0.4281832298136646,0.09821428571428571,0.22127329192546583,0.0,0.0,0.0,0.0,0.0
50,643230.0,0.5805946791862285,0.13458528951486698,0.14241001564945227,0.12363067292644757,0.018779342723004695,0.0,0.0,0.0,0.0,0.0
51,544928.0,0.22086570477247502,0.516093229744728,0.0,0.05438401775804662,0.003329633740288568,0.20532741398446172,0.0,0.0,0.0,0.0
52,542881.0,0.45028818443804036,0.0,0.015129682997118156,0.3076368876080692,0.001440922190201729,0.0,0.2255043227665706,0.0,0.0,0.0
53,542882.0,0.4420391061452514,0.08100558659217877,0.0,0.30656424581005587,0.17039106145251395,0.0,0.0,0.0,0.0,0.0
54,544931.0,0.4556013488197827,0.05844885724990633,0.09254402397901836,0.175346571749719,0.21805919820157363,0.0,0.0,0.0,0.0,0.0
55,501925.0,0.24719101123595505,0.32709113607990015,0.0,0.006242197253433208,0.0,0.41947565543071164,0.0,0.0,0.0,0.0
56,596133.0,0.592911877394636,0.0,0.009578544061302681,0.2567049808429119,0.11685823754789272,0.0,0.023946360153256706,0.0,0.0,0.0
57,542888.0,0.5767441860465117,0.1697674418604651,0.06744186046511629,0.0,0.0,0.0,0.18604651162790697,0.0,0.0,0.0
58,571561.0,0.8074277854195323,0.12929848693259974,0.0,0.06327372764786796,0.0,0.0,0.0,0.0,0.0,0.0
59,450729.0,0.007184846505551927,0.0,0.0,0.06988896146309602,0.16721097322011758,0.5917700849118224,0.16394513389941215,0.0,0.0,0.0
60,622766.0,0.19663648124191463,0.20051746442432083,0.4553686934023286,0.14747736093143596,0.0,0.0,0.0,0.0,0.0,0.0
61,596143.0,0.625,0.0,0.0,0.1875,0.1875,0.0,0.0,0.0,0.0,0.0
62,491696.0,0.03225806451612903,0.0,0.3870967741935484,0.3225806451612903,0.25806451612903225,0.0,0.0,0.0,0.0,0.0
63,491703.0,0.628099173553719,0.21133412042502953,0.0,0.16056670602125148,0.0,0.0,0.0,0.0,0.0,0.0
64,571578.0,0.27331816704582385,0.3756906077348066,0.2593435164120897,0.09164770880727982,0.0,0.0,0.0,0.0,0.0,0.0
65,547007.0,0.48214285714285715,0.16071428571428573,0.0,0.03571428571428571,0.15178571428571427,0.16964285714285715,0.0,0.0,0.0,0.0
66,542914.0,0.1891891891891892,0.17117117117117117,0.44144144144144143,0.0,0.0,0.0,0.0,0.0,0.1981981981981982,0.0
67,501957.0,0.31197771587743733,0.2573816155988858,0.1894150417827298,0.15041782729805014,0.0,0.0,0.007799442896935933,0.083008356545961,0.0,0.0
68,434378.0,0.5766071934296233,0.21467006513735487,0.0033984706881903144,0.041348060039648825,0.1600113282356273,0.0,0.003964882469555367,0.0,0.0,0.0
69,657610.0,0.07692307692307693,0.14423076923076922,0.0,0.34615384615384615,0.0,0.4326923076923077,0.0,0.0,0.0,0.0
70,542924.0,0.6587837837837838,0.0,0.0033783783783783786,0.06418918918918919,0.17905405405405406,0.0,0.0945945945945946,0.0,0.0,0.0
71,622795.0,0.3403141361256545,0.19895287958115182,0.0,0.15706806282722513,0.03664921465968586,0.2670157068062827,0.0,0.0,0.0,0.0
72,424144.0,0.31385642737896496,0.4257095158597663,0.0,0.0,0.0,0.2604340567612688,0.0,0.0,0.0,0.0
73,606424.0,0.49327354260089684,0.31614349775784756,0.004484304932735426,0.1860986547085202,0.0,0.0,0.0,0.0,0.0,0.0
74,571616.0,0.17888563049853373,0.41935483870967744,0.3870967741935484,0.008797653958944282,0.005865102639296188,0.0,0.0,0.0,0.0,0.0
75,501985.0,0.4303691275167785,0.35822147651006714,0.0,0.10234899328859061,0.0,0.03104026845637584,0.0,0.07802013422818792,0.0,0.0
76,542947.0,0.06747787610619468,0.035398230088495575,0.0,0.07300884955752213,0.0,0.5707964601769911,0.25331858407079644,0.0,0.0,0.0
77,573668.0,0.45590062111801244,0.14037267080745341,0.16645962732919253,0.034782608695652174,0.2,0.0,0.002484472049689441,0.0,0.0,0.0
78,592102.0,0.5543103448275862,0.0,0.0,0.0,0.0,0.0,0.0,0.44568965517241377,0.0,0.0
79,501992.0,0.41310160427807485,0.0,0.08021390374331551,0.14705882352941177,0.0,0.0,0.0,0.35962566844919786,0.0,0.0
80,542953.0,0.0,0.0,0.0,0.15714285714285714,0.3535714285714286,0.48928571428571427,0.0,0.0,0.0,0.0
81,542960.0,0.5770212765957446,0.14297872340425533,0.03574468085106383,0.2195744680851064,0.0,0.0,0.022127659574468085,0.0,0.002553191489361702,0.0
82,407793.0,0.39455535390199636,0.0,0.12921960072595282,0.04646098003629764,0.07441016333938294,0.0,0.35535390199637024,0.0,0.0,0.0
83,542963.0,0.0,0.0,0.0,0.0,1.0,0.0,0.0,0.0,0.0,0.0
84,502004.0,0.13962635201573254,0.19862340216322516,0.11307767944936087,0.00688298918387414,0.018682399213372666,0.0,0.5231071779744346,0.0,0.0,0.0
85,592120.0,0.12837837837837837,0.17567567567567569,0.0,0.13513513513513514,0.0,0.5067567567567568,0.05405405405405406,0.0,0.0,0.0
86,598264.0,0.5508333333333333,0.135,0.0,0.0,0.31416666666666665,0.0,0.0,0.0,0.0,0.0
87,502009.0,0.4153846153846154,0.29615384615384616,0.17692307692307693,0.08076923076923077,0.03076923076923077,0.0,0.0,0.0,0.0,0.0
88,502011.0,0.5882352941176471,0.29411764705882354,0.0,0.11764705882352941,0.0,0.0,0.0,0.0,0.0,0.0
89,487675.0,0.1360544217687075,0.6326530612244898,0.1360544217687075,0.09523809523809523,0.0,0.0,0.0,0.0,0.0,0.0
90,518397.0,0.1231203007518797,0.042293233082706765,0.0,0.018796992481203006,0.0,0.8157894736842105,0.0,0.0,0.0,0.0
91,643320.0,0.5843373493975904,0.21686746987951808,0.1566265060240964,0.04216867469879518,0.0,0.0,0.0,0.0,0.0,0.0
92,598271.0,0.5558035714285714,0.109375,0.006696428571428571,0.044642857142857144,0.28348214285714285,0.0,0.0,0.0,0.0,0.0
93,643327.0,0.1440363186132893,0.0,0.0,0.07387536112257533,0.003714403631861329,0.28477094510936857,0.13867106892282294,0.35493190260008256,0.0,0.0
94,592127.0,0.1928721174004193,0.23270440251572327,0.3480083857442348,0.010482180293501049,0.21593291404612158,0.0,0.0,0.0,0.0,0.0
95,592130.0,0.6613358419567262,0.04609595484477893,0.014111006585136407,0.27845719661335844,0.0,0.0,0.0,0.0,0.0,0.0
96,643329.0,0.24427480916030533,0.2595419847328244,0.0,0.13740458015267176,0.0,0.35877862595419846,0.0,0.0,0.0,0.0
97,592135.0,0.5772251308900523,0.42277486910994766,0.0,0.0,0.0,0.0,0.0,0.0,0.0,0.0
98,571656.0,0.4888888888888889,0.2088888888888889,0.13111111111111112,0.16444444444444445,0.006666666666666667,0.0,0.0,0.0,0.0,0.0
99,434442.0,0.010471204188481676,0.0,0.0,0.07853403141361257,0.0,0.6282722513089005,0.0,0.28272251308900526,0.0,0.0
100,502026.0,0.17641843971631205,0.0,0.4875886524822695,0.0,0.0,0.0,0.0,0.18882978723404256,0.14716312056737588,0.0
101,502028.0,0.2203125,0.3390625,0.0,0.00078125,0.0015625,0.33359375,0.0,0.0,0.1046875,0.0
102,643338.0,0.6854625550660793,0.20881057268722467,0.009691629955947136,0.007929515418502203,0.0,0.0,0.0881057268722467,0.0,0.0,0.0
103,407822.0,0.4764705882352941,0.0,0.0035294117647058825,0.0,0.05411764705882353,0.0,0.1223529411764706,0.0,0.34352941176470586,0.0
104,598287.0,0.0,0.0,0.0,0.37850467289719625,0.2757009345794392,0.34579439252336447,0.0,0.0,0.0,0.0
105,502032.0,0.242451967063129,0.20494053064958828,0.20494053064958828,0.0018298261665141812,0.0,0.0,0.3458371454711802,0.0,0.0,0.0
106,657681.0,0.5189003436426117,0.0,0.0,0.40893470790378006,0.07216494845360824,0.0,0.0,0.0,0.0,0.0
107,571666.0,0.3275009509319133,0.05553442373526055,0.20387980220616203,0.18105743628756182,0.19284899201217193,0.0,0.03917839482693039,0.0,0.0,0.0
108,571670.0,0.10526315789473684,0.2857142857142857,0.0,0.045112781954887216,0.0,0.556390977443609,0.007518796992481203,0.0,0.0,0.0
109,502042.0,0.4739322533136966,0.4456553755522828,0.0,0.08041237113402062,0.0,0.0,0.0,0.0,0.0,0.0
110,502043.0,0.2246071291682637,0.17209658873131467,0.35415868148715984,0.14564967420467612,0.10348792640858566,0.0,0.0,0.0,0.0,0.0
111,643354.0,0.0,0.34837799717912554,0.0,0.17207334273624825,0.0,0.4795486600846262,0.0,0.0,0.0,0.0
112,534812.0,0.5901960784313726,0.16470588235294117,0.0,0.0,0.24509803921568626,0.0,0.0,0.0,0.0,0.0
113,502046.0,0.24781849912739964,0.0,0.34205933682373474,0.23909249563699825,0.0,0.0,0.0,0.17102966841186737,0.0,0.0
114,571676.0,0.02702702702702703,0.32432432432432434,0.0,0.02702702702702703,0.13513513513513514,0.4864864864864865,0.0,0.0,0.0,0.0
115,448802.0,0.27764026402640263,0.13655115511551155,0.283003300330033,0.18729372937293728,0.06848184818481848,0.0,0.04702970297029703,0.0,0.0,0.0
116,502051.0,0.4187725631768953,0.36823104693140796,0.0,0.05776173285198556,0.0,0.1552346570397112,0.0,0.0,0.0,0.0
117,407845.0,0.26625386996904027,0.014447884416924664,0.3302373581011352,0.3890608875128999,0.0,0.0,0.0,0.0,0.0,0.0
118,545064.0,0.6890756302521008,0.13445378151260504,0.08403361344537816,0.0,0.09243697478991597,0.0,0.0,0.0,0.0,0.0
119,592169.0,0.19879518072289157,0.23092369477911648,0.0,0.01606425702811245,0.13253012048192772,0.42168674698795183,0.0,0.0,0.0,0.0
120,592170.0,0.3424345847554039,0.0,0.17690557451649602,0.09954493742889647,0.20591581342434584,0.0,0.1751990898748578,0.0,0.0,0.0
121,543017.0,0.24489795918367346,0.41836734693877553,0.04081632653061224,0.0,0.29591836734693877,0.0,0.0,0.0,0.0,0.0
122,518445.0,0.0680672268907563,0.12184873949579832,0.5159663865546219,0.10420168067226891,0.0,0.0008403361344537816,0.18907563025210083,0.0,0.0,0.0
123,543022.0,0.345010183299389,0.0,0.2896130346232179,0.04236252545824847,0.11038696537678208,0.0,0.21262729124236251,0.0,0.0,0.0
124,596271.0,0.29273285568065505,0.2323439099283521,0.0,0.1617195496417605,0.01023541453428864,0.29887410440122825,0.0010235414534288639,0.0030706243602865915,0.0,0.0
125,571697.0,0.0,0.0,0.0,0.0,1.0,0.0,0.0,0.0,0.0,0.0
126,518452.0,0.40353260869565216,0.06385869565217392,0.10733695652173914,0.2703804347826087,0.15489130434782608,0.0,0.0,0.0,0.0,0.0
127,608566.0,0.5133709981167608,0.040301318267419964,0.13822975517890773,0.05499058380414312,0.25310734463276835,0.0,0.0,0.0,0.0,0.0
128,543031.0,0.7142857142857143,0.0,0.14285714285714285,0.07142857142857142,0.0,0.0,0.07142857142857142,0.0,0.0,0.0
129,571704.0,0.527806925498426,0.47114375655823715,0.0,0.001049317943336831,0.0,0.0,0.0,0.0,0.0,0.0
130,543037.0,0.4708574916081782,0.17363442172718951,0.13091241989624658,0.10344827586206896,0.0,0.0,0.0,0.12114739090631675,0.0,0.0
131,571710.0,0.7032551097653293,0.186222558667676,0.002271006813020439,0.09084027252081757,0.0,0.0,0.0174110522331567,0.0,0.0,0.0
132,612672.0,0.5426829268292683,0.08739837398373984,0.10772357723577236,0.13211382113821138,0.13008130081300814,0.0,0.0,0.0,0.0,0.0
133,502083.0,0.690010298661174,0.0,0.11225540679711637,0.0,0.19670442842430483,0.0,0.0010298661174047373,0.0,0.0,0.0
134,518468.0,0.46258503401360546,0.2653061224489796,0.12244897959183673,0.09523809523809523,0.05442176870748299,0.0,0.0,0.0,0.0,0.0
135,543045.0,0.638953488372093,0.175,0.0,0.18604651162790697,0.0,0.0,0.0,0.0,0.0,0.0
136,502085.0,0.02330097087378641,0.15048543689320387,0.0,0.01262135922330097,0.0,0.0,0.5019417475728155,0.3116504854368932,0.0,0.0
137,543054.0,0.10721649484536082,0.10309278350515463,0.0,0.08453608247422681,0.0,0.5711340206185567,0.004123711340206186,0.12989690721649486,0.0,0.0
138,543056.0,0.1591160220994475,0.3270718232044199,0.0,0.0033149171270718232,0.37458563535911604,0.13591160220994475,0.0,0.0,0.0,0.0
139,643410.0,0.3424021234240212,0.0165892501658925,0.2090245520902455,0.24883875248838752,0.0869276708692767,0.0,0.0962176509621765,0.0,0.0,0.0
140,643414.0,0.024096385542168676,0.14457831325301204,0.0,0.0,0.0,0.4457831325301205,0.0,0.0,0.3855421686746988,0.0
141,448855.0,0.4510913500404204,0.10832659660468877,0.19320937752627323,0.0,0.0,0.0,0.0,0.0,0.24737267582861763,0.0
142,475479.0,0.36251287332646753,0.0,0.16065911431513905,0.007209062821833162,0.0,0.0,0.2811534500514933,0.18846549948506694,0.0,0.0
143,608601.0,0.5036496350364964,0.0,0.029197080291970802,0.17153284671532848,0.2956204379562044,0.0,0.0,0.0,0.0,0.0
144,592222.0,0.0017730496453900709,0.13297872340425532,0.0,0.300531914893617,0.0,0.5647163120567376,0.0,0.0,0.0,0.0
145,455009.0,0.5273972602739726,0.3527397260273973,0.11986301369863013,0.0,0.0,0.0,0.0,0.0,0.0,0.0
146,592229.0,0.29360967184801384,0.16321243523316062,0.27806563039723664,0.10967184801381692,0.114853195164076,0.0,0.04058721934369603,0.0,0.0,0.0
147,592233.0,0.06504065040650407,0.32926829268292684,0.0,0.0,0.0,0.6056910569105691,0.0,0.0,0.0,0.0
148,434538.0,0.16915995397008055,0.3233601841196778,0.3331415420023015,0.16915995397008055,0.005178365937859608,0.0,0.0,0.0,0.0,0.0
149,547179.0,0.2358974358974359,0.15457875457875458,0.27692307692307694,0.02197802197802198,0.11721611721611722,0.0,0.1934065934065934,0.0,0.0,0.0
150,571760.0,0.0,0.0,0.0,0.22627737226277372,0.15815085158150852,0.6155717761557178,0.0,0.0,0.0,0.0
151,502130.0,0.2962962962962963,0.25925925925925924,0.4444444444444444,0.0,0.0,0.0,0.0,0.0,0.0,0.0
152,518516.0,0.12854556427278213,0.0,0.30054315027157513,0.05491852745926373,0.1550995775497888,0.0,0.36089318044659024,0.0,0.0,0.0
153,534910.0,0.04488778054862843,0.09808811305070657,0.5752285951787198,0.10473815461346633,0.1770573566084788,0.0,0.0,0.0,0.0,0.0
154,592254.0,0.3088235294117647,0.16176470588235295,0.29411764705882354,0.16176470588235295,0.07352941176470588,0.0,0.0,0.0,0.0,0.0
155,477569.0,0.6583011583011583,0.0,0.0028957528957528956,0.17471042471042472,0.0,0.0,0.0,0.1640926640926641,0.0,0.0
156,434563.0,0.0,0.0,0.0,0.6,0.4,0.0,0.0,0.0,0.0,0.0
157,594311.0,0.514018691588785,0.42990654205607476,0.056074766355140186,0.0,0.0,0.0,0.0,0.0,0.0,0.0
158,608648.0,0.23560673162090345,0.0008857395925597874,0.3587245349867139,0.05491585473870682,0.0,0.0,0.0,0.34986713906111605,0.0,0.0
159,502154.0,0.06996587030716724,0.052901023890784986,0.040955631399317405,0.0,0.0,0.8361774744027304,0.0,0.0,0.0,0.0
160,571787.0,0.43709226467847156,0.17427772600186392,0.045666356011183594,0.19944082013047532,0.1435228331780056,0.0,0.0,0.0,0.0,0.0
161,608652.0,0.5650406504065041,0.25203252032520324,0.008130081300813009,0.09349593495934959,0.08130081300813008,0.0,0.0,0.0,0.0,0.0
162,608650.0,0.6395348837209303,0.0,0.0,0.1511627906976744,0.20930232558139536,0.0,0.0,0.0,0.0,0.0
163,543118.0,0.5138490926456543,0.0,0.0,0.0,0.0,0.0,0.0,0.0,0.48615090735434574,0.0
164,641427.0,0.6302186878727635,0.0,0.073558648111332,0.005964214711729622,0.29025844930417494,0.0,0.0,0.0,0.0,0.0
165,285079.0,0.1729883020205601,0.0,0.0,0.0,0.0,0.0,0.0,0.0,0.0,0.82701169797944
166,592279.0,0.30670926517571884,0.4472843450479233,0.22364217252396165,0.022364217252396165,0.0,0.0,0.0,0.0,0.0,0.0
167,608665.0,0.035414165666266505,0.05582232893157263,0.0,0.10684273709483794,0.0,0.6638655462184874,0.13805522208883553,0.0,0.0,0.0
168,518553.0,0.02194787379972565,0.4869684499314129,0.0,0.013717421124828532,0.0,0.4773662551440329,0.0,0.0,0.0,0.0
169,502171.0,0.516514406184118,0.0,0.0,0.0,0.0,0.0,0.0,0.3408292340126493,0.1426563598032326,0.0
170,457117.0,0.5645161290322581,0.3467741935483871,0.03225806451612903,0.056451612903225805,0.0,0.0,0.0,0.0,0.0,0.0
171,641438.0,0.43037974683544306,0.21518987341772153,0.10126582278481013,0.0759493670886076,0.17721518987341772,0.0,0.0,0.0,0.0,0.0
172,606625.0,0.5181818181818182,0.4727272727272727,0.0,0.00909090909090909,0.0,0.0,0.0,0.0,0.0,0.0
173,534947.0,0.5522388059701493,0.0,0.09629272989889263,0.1998074145402022,0.1516610495907559,0.0,0.0,0.0,0.0,0.0
174,502179.0,0.3648960739030023,0.13163972286374134,0.19630484988452657,0.07852193995381063,0.22863741339491916,0.0,0.0,0.0,0.0,0.0
175,643493.0,0.35116804822908815,0.28711379050489827,0.07234363225320271,0.13715146948003015,0.1522230595327807,0.0,0.0,0.0,0.0,0.0
176,608678.0,0.43715341959334564,0.09611829944547134,0.10351201478743069,0.0,0.0,0.0,0.3632162661737523,0.0,0.0,0.0
177,518567.0,0.0196078431372549,0.0,0.0,0.33986928104575165,0.11764705882352941,0.0,0.5228758169934641,0.0,0.0,0.0
178,543144.0,0.5530474040632054,0.0,0.0056433408577878106,0.33521444695259595,0.10609480812641084,0.0,0.0,0.0,0.0,0.0
179,518566.0,0.5609756097560976,0.024390243902439025,0.024390243902439025,0.3902439024390244,0.0,0.0,0.0,0.0,0.0,0.0
180,502188.0,0.18663806313208703,0.18786392889978548,0.3089181734600061,0.0,0.0,0.0,0.08734293594851364,0.1461844927980386,0.08305240576156911,0.0
181,502190.0,0.03158281307381564,0.1395519647447668,0.0,0.11935365405802424,0.0,0.45207491737054717,0.1909658464928388,0.06647080426000734,0.0,0.0
182,446899.0,0.0,0.0,0.0,0.22270114942528735,0.21120689655172414,0.5660919540229885,0.0,0.0,0.0,0.0
183,620982.0,0.3875432525951557,0.11937716262975778,0.1903114186851211,0.30103806228373703,0.0017301038062283738,0.0,0.0,0.0,0.0,0.0
184,444857.0,0.06089238845144357,0.0,0.0,0.04094488188976378,0.2650918635170604,0.2929133858267717,0.3401574803149606,0.0,0.0,0.0
185,592314.0,0.38764450867052025,0.22471098265895953,0.2153179190751445,0.0559971098265896,0.11632947976878613,0.0,0.0,0.0,0.0,0.0
186,502202.0,0.6540755467196819,0.11332007952286283,0.0,0.2286282306163022,0.003976143141153081,0.0,0.0,0.0,0.0,0.0
187,608700.0,0.9777777777777777,0.0,0.0,0.022222222222222223,0.0,0.0,0.0,0.0,0.0,0.0
188,434622.0,0.1896083753392788,0.20046529662659945,0.3586661496704149,0.0,0.04226444358278403,0.0,0.0081426909654905,0.0,0.20085304381543234,0.0
189,543169.0,0.3448275862068966,0.3448275862068966,0.3103448275862069,0.0,0.0,0.0,0.0,0.0,0.0,0.0
190,502211.0,0.13606340819022458,0.15587846763540292,0.002642007926023778,0.02774108322324967,0.33025099075297226,0.0,0.3474240422721268,0.0,0.0,0.0
191,434628.0,0.20657588840916638,0.368980405181003,0.29392228495516437,0.03553636665559615,0.09498505479907007,0.0,0.0,0.0,0.0,0.0
192,502212.0,0.28949615713065757,0.2937660119555935,0.12382578992314261,0.1596925704526046,0.1332194705380017,0.0,0.0,0.0,0.0,0.0
193,592332.0,0.6504332237824918,0.13564386017328953,0.00029877502240812666,0.0,0.0,0.0,0.0,0.0,0.21362414102181057,0.0
194,608717.0,0.35384615384615387,0.11538461538461539,0.09423076923076923,0.07596153846153846,0.18557692307692308,0.0,0.175,0.0,0.0,0.0
195,600526.0,0.437914691943128,0.1848341232227488,0.3251184834123223,0.052132701421800945,0.0,0.0,0.0,0.0,0.0,0.0
196,608718.0,0.6583463338533542,0.1794071762870515,0.046021840873634944,0.11466458658346333,0.0015600624024961,0.0,0.0,0.0,0.0,0.0
197,608716.0,0.7320916905444126,0.17191977077363896,0.044412607449856735,0.05157593123209169,0.0,0.0,0.0,0.0,0.0,0.0
198,641490.0,0.5238095238095238,0.2857142857142857,0.0,0.19047619047619047,0.0,0.0,0.0,0.0,0.0,0.0
199,592340.0,0.4590818363273453,0.001996007984031936,0.0,0.3532934131736527,0.18562874251497005,0.0,0.0,0.0,0.0,0.0
200,592341.0,0.47058823529411764,0.47058823529411764,0.058823529411764705,0.0,0.0,0.0,0.0,0.0,0.0,0.0
201,518614.0,0.6923076923076923,0.15384615384615385,0.11538461538461539,0.0,0.038461538461538464,0.0,0.0,0.0,0.0,0.0
202,571863.0,0.8888888888888888,0.0,0.0,0.1111111111111111,0.0,0.0,0.0,0.0,0.0,0.0
203,518617.0,0.0,0.3191489361702128,0.0,0.0,0.0,0.6808510638297872,0.0,0.0,0.0,0.0
204,641501.0,0.08653846153846154,0.2403846153846154,0.0,0.15384615384615385,0.0673076923076923,0.4519230769230769,0.0,0.0,0.0,0.0
205,571871.0,0.31889290012033694,0.3971119133574007,0.18531889290012032,0.009626955475330927,0.08904933814681107,0.0,0.0,0.0,0.0,0.0
206,592351.0,0.5614418350628072,0.2747132714363736,0.0038230475150191155,0.02184598580010923,0.1381758601856909,0.0,0.0,0.0,0.0,0.0
207,502239.0,0.021696252465483234,0.0,0.0,0.2123602892833662,0.0,0.443129520052597,0.10387902695595003,0.21893491124260356,0.0,0.0
208,543208.0,0.01713796058269066,0.20394173093401885,0.0,0.09768637532133675,0.1328191945158526,0.5484147386461011,0.0,0.0,0.0,0.0
209,518633.0,0.24758135444151275,0.2911169744942832,0.2260334212840809,0.22867194371152155,0.006596306068601583,0.0,0.0,0.0,0.0,0.0
210,571882.0,0.5203761755485894,0.19278996865203762,0.0219435736677116,0.07210031347962383,0.19278996865203762,0.0,0.0,0.0,0.0,0.0
211,584171.0,0.3507853403141361,0.11780104712041885,0.0,0.14136125654450263,0.03664921465968586,0.35340314136125656,0.0,0.0,0.0,0.0
212,434671.0,0.26202052944354404,0.12371690977849811,0.0,0.02377093462992977,0.10264721772015127,0.23392760669908158,0.07239330091842247,0.0,0.18152350081037277,0.0
213,434672.0,0.5329896907216495,0.0,0.002061855670103093,0.22061855670103092,0.0,0.0,0.0,0.2443298969072165,0.0,0.0
214,543219.0,0.40963855421686746,0.14457831325301204,0.1927710843373494,0.20481927710843373,0.04819277108433735,0.0,0.0,0.0,0.0,0.0
215,571893.0,0.6493506493506493,0.03896103896103896,0.0,0.3116883116883117,0.0,0.0,0.0,0.0,0.0,0.0
216,571901.0,0.006944444444444444,0.0,0.0,0.14186507936507936,0.10218253968253968,0.6468253968253969,0.10218253968253968,0.0,0.0,0.0
217,408061.0,0.5522041763341067,0.0,0.004640371229698376,0.35498839907192575,0.08816705336426914,0.0,0.0,0.0,0.0,0.0
218,430589.0,0.007936507936507936,0.2896825396825397,0.0,0.0,0.0,0.7023809523809523,0.0,0.0,0.0,0.0
219,502272.0,0.32211538461538464,0.44711538461538464,0.07692307692307693,0.0,0.15384615384615385,0.0,0.0,0.0,0.0,0.0
220,502273.0,0.0,0.0,0.0,0.0,1.0,0.0,0.0,0.0,0.0,0.0
221,621056.0,0.4,0.6,0.0,0.0,0.0,0.0,0.0,0.0,0.0,0.0
222,621058.0,0.5250544662309368,0.13725490196078433,0.0,0.18627450980392157,0.1514161220043573,0.0,0.0,0.0,0.0,0.0
223,592390.0,0.5378304466727438,0.3628076572470374,0.010027347310847767,0.0,0.08933454876937101,0.0,0.0,0.0,0.0,0.0
224,430599.0,0.2823529411764706,0.3411764705882353,0.10326797385620914,0.1542483660130719,0.11895424836601307,0.0,0.0,0.0,0.0,0.0
225,571911.0,0.25,0.55,0.2,0.0,0.0,0.0,0.0,0.0,0.0,0.0
226,543243.0,0.2876455125797972,0.17048441607209913,0.3188133683815246,0.0938790837401427,0.12880210289147578,0.0,0.0003755163349605708,0.0,0.0,0.0
227,461325.0,0.38005390835579517,0.0,0.0,0.3557951482479784,0.0,0.0,0.0,0.0,0.2641509433962264,0.0
228,643603.0,0.5263157894736842,0.0,0.15789473684210525,0.21052631578947367,0.10526315789473684,0.0,0.0,0.0,0.0,0.0
229,571927.0,0.002564102564102564,0.042735042735042736,0.0,0.13418803418803418,0.23247863247863249,0.588034188034188,0.0,0.0,0.0,0.0
230,543261.0,0.3333333333333333,0.09523809523809523,0.09523809523809523,0.0,0.47619047619047616,0.0,0.0,0.0,0.0,0.0
231,434718.0,0.0,0.47368421052631576,0.0,0.05263157894736842,0.0,0.47368421052631576,0.0,0.0,0.0,0.0
232,643617.0,0.5548780487804879,0.24390243902439024,0.11585365853658537,0.018292682926829267,0.06707317073170732,0.0,0.0,0.0,0.0,0.0
233,518693.0,0.3953488372093023,0.0,0.17864693446088795,0.0,0.2219873150105708,0.0,0.0,0.0,0.2040169133192389,0.0
234,592422.0,0.30994152046783624,0.28654970760233917,0.40350877192982454,0.0,0.0,0.0,0.0,0.0,0.0,0.0
235,621094.0,0.6538461538461539,0.2692307692307692,0.0,0.0,0.0,0.0,0.0,0.0,0.07692307692307693,0.0
236,543272.0,0.2651704073150457,0.45220282626766417,0.24522028262676643,0.0008312551953449709,0.03657522859517872,0.0,0.0,0.0,0.0,0.0
237,571946.0,0.18489583333333334,0.0,0.3958333333333333,0.0,0.16145833333333334,0.0,0.2578125,0.0,0.0,0.0
238,592426.0,0.513375796178344,0.3006369426751592,0.003821656050955414,0.011464968152866241,0.17070063694267515,0.0,0.0,0.0,0.0,0.0
239,571948.0,0.0,0.0,0.0,0.1088560885608856,0.22693726937269373,0.6642066420664207,0.0,0.0,0.0,0.0
240,623149.0,0.6315323294951284,0.31975199291408324,0.007971656333038087,0.04074402125775022,0.0,0.0,0.0,0.0,0.0,0.0
241,543278.0,0.4468802698145025,0.0,0.0016863406408094434,0.2715008431703204,0.1399662731871838,0.0,0.1399662731871838,0.0,0.0,0.0
242,571951.0,0.3801498127340824,0.0,0.0898876404494382,0.0,0.30711610486891383,0.0,0.22284644194756553,0.0,0.0,0.0
243,430641.0,0.37337192474674386,0.3675832127351664,0.18234442836468887,0.0,0.07670043415340087,0.0,0.0,0.0,0.0,0.0
244,621107.0,0.3051181102362205,0.1279527559055118,0.37696850393700787,0.07480314960629922,0.11515748031496063,0.0,0.0,0.0,0.0,0.0
245,453172.0,0.08241758241758242,0.210989010989011,0.0,0.014285714285714285,0.0,0.6923076923076923,0.0,0.0,0.0,0.0
246,545333.0,0.35834658187599366,0.011446740858505564,0.134181240063593,0.07694753577106518,0.0,0.0,0.11860095389507154,0.3004769475357711,0.0,0.0
247,545332.0,0.6836518046709129,0.267515923566879,0.0021231422505307855,0.0,0.0,0.0,0.0,0.0,0.04670912951167728,0.0
248,502327.0,0.0502092050209205,0.06359832635983263,0.0,0.20585774058577405,0.06192468619246862,0.5857740585774058,0.032635983263598324,0.0,0.0,0.0
249,621112.0,0.08128342245989305,0.2609625668449198,0.4748663101604278,0.09090909090909091,0.09197860962566845,0.0,0.0,0.0,0.0,0.0
250,621111.0,0.65625,0.06770833333333333,0.041666666666666664,0.0,0.0,0.0,0.0,0.234375,0.0,0.0
251,453178.0,0.30702087286527513,0.11954459203036052,0.3013282732447818,0.11499051233396584,0.0,0.0,0.0,0.1571157495256167,0.0,0.0
252,504379.0,0.5869205298013245,0.2574503311258278,0.13741721854304637,0.018211920529801324,0.0,0.0,0.0,0.0,0.0,0.0
253,518715.0,0.0009380863039399625,0.3433395872420263,0.0,0.10787992495309569,0.0,0.5478424015009381,0.0,0.0,0.0,0.0
254,518716.0,0.2933832709113608,0.0,0.17478152309612985,0.1523096129837703,0.0,0.0,0.2184769038701623,0.16104868913857678,0.0,0.0
255,543294.0,0.23399558498896247,0.0,0.0,0.27947019867549666,0.07947019867549669,0.3955849889624724,0.011479028697571744,0.0,0.0,0.0
256,627262.0,0.6329113924050633,0.27848101265822783,0.05063291139240506,0.0379746835443038,0.0,0.0,0.0,0.0,0.0,0.0
257,623167.0,0.1942919868276619,0.20856201975850713,0.424807903402854,0.0845225027442371,0.08781558726673985,0.0,0.0,0.0,0.0,0.0
258,506433.0,0.3553065260382334,0.2504943968358603,0.16611733684904417,0.026038233355306525,0.057350032959789056,0.0,0.14469347396176666,0.0,0.0,0.0
259,621121.0,0.2453865336658354,0.0,0.1630922693266833,0.11471321695760599,0.0,0.0,0.0,0.4768079800498753,0.0,0.0
260,545346.0,0.32558139534883723,0.0,0.0,0.029069767441860465,0.046511627906976744,0.3023255813953488,0.29651162790697677,0.0,0.0,0.0
261,545348.0,0.3408239700374532,0.056179775280898875,0.299625468164794,0.30337078651685395,0.0,0.0,0.0,0.0,0.0,0.0
262,430661.0,0.31520815632965166,0.33559898045879355,0.2778249787595582,0.06966864910790145,0.0,0.0016992353440951572,0.0,0.0,0.0,0.0
263,592454.0,0.6344827586206897,0.11625615763546798,0.030541871921182268,0.21773399014778325,0.0,0.0,0.0009852216748768472,0.0,0.0,0.0
264,453192.0,0.40714285714285714,0.5785714285714286,0.014285714285714285,0.0,0.0,0.0,0.0,0.0,0.0,0.0
265,490063.0,0.4356020942408377,0.2319371727748691,0.17015706806282724,0.05759162303664921,0.10471204188481675,0.0,0.0,0.0,0.0,0.0
266,623184.0,0.4596774193548387,0.34475806451612906,0.10181451612903226,0.08971774193548387,0.004032258064516129,0.0,0.0,0.0,0.0,0.0
267,545363.0,0.20476190476190476,0.11587301587301588,0.45714285714285713,0.07936507936507936,0.14285714285714285,0.0,0.0,0.0,0.0,0.0
268,592473.0,0.1037037037037037,0.014814814814814815,0.0,0.06666666666666667,0.037037037037037035,0.7777777777777778,0.0,0.0,0.0,0.0
269,641627.0,0.02,0.0,0.0,0.06,0.27,0.65,0.0,0.0,0.0,0.0
270,518748.0,0.5114583333333333,0.016666666666666666,0.051041666666666666,0.0,0.4197916666666667,0.0010416666666666667,0.0,0.0,0.0,0.0
271,453214.0,0.10182767624020887,0.0,0.0,0.0,0.09921671018276762,0.0,0.0,0.0,0.0,0.7989556135770235
272,543331.0,0.5145985401459854,0.35523114355231145,0.06204379562043796,0.0072992700729927005,0.06082725060827251,0.0,0.0,0.0,0.0,0.0
273,543334.0,0.0,0.3,0.0,0.05,0.1,0.55,0.0,0.0,0.0,0.0
274,516714.0,0.3753943217665615,0.6151419558359621,0.00946372239747634,0.0,0.0,0.0,0.0,0.0,0.0,0.0
275,543339.0,0.4103730664240218,0.25932666060054593,0.19199272065514103,0.13830755232029118,0.0,0.0,0.0,0.0,0.0,0.0
276,502381.0,0.04994797086368366,0.4630593132154006,0.4713839750260146,0.015608740894901144,0.0,0.0,0.0,0.0,0.0,0.0
277,592499.0,0.5287958115183246,0.18848167539267016,0.0,0.07329842931937172,0.2094240837696335,0.0,0.0,0.0,0.0,0.0
278,572020.0,0.65527950310559,0.0,0.0,0.024401064773735583,0.0,0.0,0.10692102928127772,0.21339840283939662,0.0,0.0
279,572021.0,0.0,0.25680087051142547,0.0,0.0,0.0,0.7431991294885746,0.0,0.0,0.0,0.0
280,518774.0,0.2898809523809524,0.22321428571428573,0.2910714285714286,0.125,0.07083333333333333,0.0,0.0,0.0,0.0,0.0
281,543357.0,0.5111111111111111,0.37777777777777777,0.0,0.0,0.08888888888888889,0.0,0.022222222222222223,0.0,0.0,0.0
282,543359.0,0.06634615384615385,0.4807692307692308,0.4528846153846154,0.0,0.0,0.0,0.0,0.0,0.0,0.0
283,445055.0,0.0,0.8666666666666667,0.0,0.0,0.13333333333333333,0.0,0.0,0.0,0.0,0.0
284,445060.0,0.1926070038910506,0.27367055771725035,0.2908560311284047,0.0,0.0,0.0,0.0,0.0930609597924773,0.14980544747081712,0.0
285,518790.0,0.09420289855072464,0.18115942028985507,0.0,0.06521739130434782,0.07246376811594203,0.5869565217391305,0.0,0.0,0.0,0.0
286,572044.0,0.4158878504672897,0.40654205607476634,0.11682242990654206,0.028037383177570093,0.03271028037383177,0.0,0.0,0.0,0.0,0.0
287,621199.0,0.23487179487179488,0.12,0.40205128205128204,0.0,0.0010256410256410256,0.0,0.0,0.0,0.24205128205128204,0.0
288,664208.0,0.7576601671309192,0.22701949860724233,0.001392757660167131,0.013927576601671309,0.0,0.0,0.0,0.0,0.0,0.0
289,453265.0,0.0,0.15415415415415415,0.0,0.1921921921921922,0.0,0.6536536536536537,0.0,0.0,0.0,0.0
290,594577.0,0.53,0.43,0.0,0.04,0.0,0.0,0.0,0.0,0.0,0.0
291,543380.0,0.65625,0.0,0.25,0.0,0.09375,0.0,0.0,0.0,0.0,0.0
292,449173.0,0.015267175572519083,0.24427480916030533,0.0,0.030534351145038167,0.09923664122137404,0.6106870229007634,0.0,0.0,0.0,0.0
293,592533.0,0.34,0.0,0.16,0.1,0.26,0.0,0.14,0.0,0.0,0.0
294,594580.0,0.5578231292517006,0.3401360544217687,0.0,0.08163265306122448,0.0,0.02040816326530612,0.0,0.0,0.0,0.0
295,518813.0,0.44280860702151753,0.49377123442808607,0.0,0.0,0.06342015855039637,0.0,0.0,0.0,0.0,0.0
296,453281.0,0.21274601686972822,0.06654170571696345,0.1330834114339269,0.2727272727272727,0.05154639175257732,0.0,0.2633552014995314,0.0,0.0,0.0
297,592547.0,0.6028708133971292,0.17703349282296652,0.03349282296650718,0.11483253588516747,0.07177033492822966,0.0,0.0,0.0,0.0,0.0
298,453284.0,0.5920679886685553,0.0,0.007554296506137866,0.0,0.08309726156751653,0.0,0.0,0.0,0.31728045325779036,0.0
299,459429.0,0.9257688229056203,0.06468716861081654,0.009544008483563097,0.0,0.0,0.0,0.0,0.0,0.0,0.0
300,572070.0,0.3764705882352941,0.33176470588235296,0.20470588235294118,0.0,0.08705882352941176,0.0,0.0,0.0,0.0,0.0
301,453286.0,0.4574846427416748,0.2120918202392499,0.028774652440995797,0.1425800193986421,0.08244422890397672,0.0,0.07662463627546072,0.0,0.0,0.0
302,533167.0,0.2529738302934179,0.1895321173671689,0.23473433782712133,0.0,0.0,0.0,0.0,0.020618556701030927,0.3021411578112609,0.0
303,543408.0,0.42599843382928737,0.20595144870790916,0.09631949882537197,0.05716523101018011,0.0,0.0,0.0,0.21456538762725136,0.0,0.0
304,621237.0,0.5995670995670995,0.0,0.15800865800865802,0.0,0.24242424242424243,0.0,0.0,0.0,0.0,0.0
305,621242.0,0.6856127886323268,0.31438721136767317,0.0,0.0,0.0,0.0,0.0,0.0,0.0,0.0
306,592570.0,0.5546875,0.109375,0.0,0.3359375,0.0,0.0,0.0,0.0,0.0,0.0
307,621244.0,0.3087557603686636,0.0,0.3054042731462086,0.08630079597821533,0.2995391705069124,0.0,0.0,0.0,0.0,0.0
308,572096.0,0.7403628117913832,0.13038548752834467,0.0022675736961451248,0.12698412698412698,0.0,0.0,0.0,0.0,0.0,0.0
309,641729.0,0.6265356265356266,0.2457002457002457,0.0,0.12776412776412777,0.0,0.0,0.0,0.0,0.0,0.0
310,643778.0,0.6733333333333333,0.19333333333333333,0.0,0.13333333333333333,0.0,0.0,0.0,0.0,0.0,0.0
311,527048.0,0.23300970873786409,0.09611650485436893,0.3540453074433657,0.20388349514563106,0.11294498381877023,0.0,0.0,0.0,0.0,0.0
312,518858.0,0.0,0.46798029556650245,0.5221674876847291,0.009852216748768473,0.0,0.0,0.0,0.0,0.0,0.0
313,527054.0,0.3991514360313316,0.19647519582245432,0.24902088772845954,0.06494778067885118,0.09040469973890339,0.0,0.0,0.0,0.0,0.0
314,527055.0,0.17494089834515367,0.35697399527186763,0.4397163120567376,0.028368794326241134,0.0,0.0,0.0,0.0,0.0,0.0
315,455374.0,0.6828193832599119,0.2599118942731278,0.0,0.05726872246696035,0.0,0.0,0.0,0.0,0.0,0.0
316,453329.0,0.34782608695652173,0.0,0.057971014492753624,0.14492753623188406,0.2028985507246377,0.0,0.2463768115942029,0.0,0.0,0.0
317,606930.0,0.5436022819885901,0.0016299918500407497,0.0,0.0,0.0,0.0,0.4547677261613692,0.0,0.0,0.0
318,592593.0,0.5280095351609059,0.0,0.0,0.2026221692491061,0.16924910607866508,0.0,0.10011918951132301,0.0,0.0,0.0
319,455376.0,0.6761904761904762,0.26666666666666666,0.05714285714285714,0.0,0.0,0.0,0.0,0.0,0.0,0.0
320,457429.0,0.2534435261707989,0.6005509641873278,0.14600550964187328,0.0,0.0,0.0,0.0,0.0,0.0,0.0
321,592592.0,0.7333333333333333,0.0,0.0,0.0,0.26666666666666666,0.0,0.0,0.0,0.0,0.0
322,518875.0,0.5746421267893661,0.40899795501022496,0.016359918200409,0.0,0.0,0.0,0.0,0.0,0.0,0.0
323,465629.0,0.27380952380952384,0.05952380952380952,0.03571428571428571,0.0,0.0,0.0,0.0,0.0,0.6309523809523809,0.0
324,453343.0,0.13346613545816732,0.0,0.0,0.0,0.0,0.0,0.6135458167330677,0.250996015936255,0.00199203187250996,0.0
325,453344.0,0.5946398659966499,0.12060301507537688,0.0,0.0,0.0,0.0,0.2847571189279732,0.0,0.0,0.0
326,592612.0,0.4934210526315789,0.26973684210526316,0.05131578947368421,0.0881578947368421,0.0,0.0,0.09736842105263158,0.0,0.0,0.0
327,518886.0,0.6829268292682927,0.0,0.002613240418118467,0.0,0.0,0.0,0.0,0.3144599303135889,0.0,0.0
328,592614.0,0.5543766578249337,0.0,0.005305039787798408,0.3156498673740053,0.11936339522546419,0.005305039787798408,0.0,0.0,0.0,0.0
329,641771.0,0.3060007454342154,0.20573984345881477,0.0,0.0980245993291092,0.0,0.32836377189713006,0.0,0.061871039880730526,0.0,0.0
330,572140.0,0.36853448275862066,0.0,0.22772988505747127,0.09339080459770115,0.3103448275862069,0.0,0.0,0.0,0.0,0.0
331,621294.0,0.5138121546961326,0.0,0.0,0.15469613259668508,0.3314917127071823,0.0,0.0,0.0,0.0,0.0
332,621295.0,0.7237715803452855,0.18592297476759628,0.0,0.0903054448871182,0.0,0.0,0.0,0.0,0.0,0.0
333,606959.0,0.46833013435700577,0.1036468330134357,0.16506717850287908,0.06525911708253358,0.023032629558541268,0.0,0.1746641074856046,0.0,0.0,0.0
334,596720.0,0.5888077858880778,0.18491484184914841,0.0,0.0024330900243309003,0.22384428223844283,0.0,0.0,0.0,0.0,0.0
335,543475.0,0.2982456140350877,0.189792663476874,0.24561403508771928,0.05980861244019139,0.2065390749601276,0.0,0.0,0.0,0.0,0.0
336,606965.0,0.39668769716088326,0.22476340694006308,0.0,0.3785488958990536,0.0,0.0,0.0,0.0,0.0,0.0
337,629496.0,0.35195530726256985,0.1005586592178771,0.22346368715083798,0.31843575418994413,0.00558659217877095,0.0,0.0,0.0,0.0,0.0
338,465657.0,0.508577194752775,0.06861755802219979,0.0,0.30474268415741673,0.11806256306760847,0.0,0.0,0.0,0.0,0.0
339,623352.0,0.7997432605905006,0.11296534017971759,0.011553273427471117,0.07573812580231065,0.0,0.0,0.0,0.0,0.0,0.0
340,606983.0,0.2765273311897106,0.4790996784565916,0.0,0.06430868167202572,0.08360128617363344,0.09646302250803858,0.0,0.0,0.0,0.0
341,453385.0,0.3301260783012608,0.20305242203052423,0.35733244857332447,0.10948905109489052,0.0,0.0,0.0,0.0,0.0,0.0
342,445197.0,0.5113895216400911,0.4157175398633257,0.00683371298405467,0.0,0.06605922551252848,0.0,0.0,0.0,0.0,0.0
343,471822.0,0.3821892393320965,0.5287569573283859,0.08905380333951762,0.0,0.0,0.0,0.0,0.0,0.0,0.0
344,518927.0,0.07346938775510205,0.15510204081632653,0.17551020408163265,0.17551020408163265,0.044897959183673466,0.0,0.37551020408163266,0.0,0.0,0.0
345,543506.0,0.5502439024390244,0.2917073170731707,0.014634146341463415,0.14341463414634145,0.0,0.0,0.0,0.0,0.0,0.0
346,520980.0,0.540885860306644,0.16269165247018738,0.1848381601362862,0.11158432708688246,0.0,0.0,0.0,0.0,0.0,0.0
347,611093.0,0.49283667621776506,0.19197707736389685,0.014326647564469915,0.3008595988538682,0.0,0.0,0.0,0.0,0.0,0.0
348,592662.0,0.5413589364844904,0.20827178729689808,0.05132939438700148,0.0,0.19903988183161003,0.0,0.0,0.0,0.0,0.0
349,473879.0,0.1650485436893204,0.18015102481121897,0.47896440129449835,0.14778856526429343,0.028047464940668825,0.0,0.0,0.0,0.0,0.0
350,641816.0,0.6440217391304348,0.25271739130434784,0.0,0.08423913043478261,0.019021739130434784,0.0,0.0,0.0,0.0,0.0
351,592665.0,0.6691919191919192,0.32996632996632996,0.0,0.0008417508417508417,0.0,0.0,0.0,0.0,0.0,0.0
352,543508.0,0.5585106382978723,0.3191489361702128,0.09574468085106383,0.026595744680851064,0.0,0.0,0.0,0.0,0.0,0.0
353,445213.0,0.21280432822362488,0.13976555455365194,0.0,0.05049594229035167,0.0,0.5969341749323716,0.0,0.0,0.0,0.0
354,572193.0,0.2903225806451613,0.011014948859166011,0.0,0.0,0.0,0.2958300550747443,0.4028324154209284,0.0,0.0,0.0
355,543521.0,0.36793327154772937,0.14272474513438368,0.09267840593141798,0.060240963855421686,0.20296570898980537,0.0,0.1334569045412419,0.0,0.0,0.0
356,623395.0,0.6368534482758621,0.0,0.11961206896551724,0.09051724137931035,0.15301724137931033,0.0,0.0,0.0,0.0,0.0
357,621345.0,0.5120967741935484,0.0,0.0,0.0,0.0,0.0,0.4879032258064516,0.0,0.0,0.0
358,432934.0,0.42723880597014924,0.5652985074626866,0.0,0.007462686567164179,0.0,0.0,0.0,0.0,0.0,0.0
359,641835.0,0.49117647058823527,0.5058823529411764,0.0029411764705882353,0.0,0.0,0.0,0.0,0.0,0.0,0.0
360,543532.0,0.6268656716417911,0.1865671641791045,0.0,0.04477611940298507,0.1417910447761194,0.0,0.0,0.0,0.0,0.0
361,627500.0,0.5188679245283019,0.1320754716981132,0.0,0.16037735849056603,0.18867924528301888,0.0,0.0,0.0,0.0,0.0
362,641838.0,0.0,0.19273743016759776,0.0,0.19832402234636873,0.0,0.6089385474860335,0.0,0.0,0.0,0.0
363,623406.0,0.24166666666666667,0.05,0.325,0.0,0.25,0.0,0.10833333333333334,0.0,0.025,0.0
364,572208.0,0.6352941176470588,0.23529411764705882,0.0,0.12941176470588237,0.0,0.0,0.0,0.0,0.0,0.0
365,602928.0,0.4429530201342282,0.1476510067114094,0.040268456375838924,0.24161073825503357,0.06040268456375839,0.0,0.06711409395973154,0.0,0.0,0.0
366,594742.0,0.15739868049010367,0.001885014137606032,0.44015080113100846,0.08294062205466542,0.14326107445805844,0.0,0.17436380772855797,0.0,0.0,0.0
367,543542.0,0.3044982698961938,0.0,0.2811418685121107,0.01384083044982699,0.4005190311418685,0.0,0.0,0.0,0.0,0.0
368,656186.0,0.596078431372549,0.3738562091503268,0.030065359477124184,0.0,0.0,0.0,0.0,0.0,0.0,0.0
369,641850.0,0.11515151515151516,0.36363636363636365,0.30303030303030304,0.21818181818181817,0.0,0.0,0.0,0.0,0.0,0.0
370,543548.0,0.4387990762124711,0.046189376443418015,0.07967667436489607,0.23672055427251731,0.14318706697459585,0.0,0.05542725173210162,0.0,0.0,0.0
371,430912.0,0.3538238141335915,0.10648596321393998,0.1999031945788964,0.10890609874152953,0.2308809293320426,0.0,0.0,0.0,0.0,0.0
372,502593.0,0.11297071129707113,0.05230125523012552,0.5941422594142259,0.2405857740585774,0.0,0.0,0.0,0.0,0.0,0.0
373,543557.0,0.5323359073359073,0.0,0.0,0.1192084942084942,0.2388996138996139,0.0,0.10955598455598456,0.0,0.0,0.0
374,623430.0,0.49247606019151846,0.4076607387140903,0.0,0.09986320109439124,0.0,0.0,0.0,0.0,0.0,0.0
375,621381.0,0.673374613003096,0.17027863777089783,0.0,0.08978328173374613,0.06656346749226007,0.0,0.0,0.0,0.0,0.0
376,594760.0,0.06666666666666667,0.24,0.4666666666666667,0.12,0.10666666666666667,0.0,0.0,0.0,0.0,0.0
377,621385.0,0.41158059467918623,0.3302034428794992,0.18935837245696402,0.06885758998435054,0.0,0.0,0.0,0.0,0.0,0.0
378,623434.0,0.07751937984496124,0.3643410852713178,0.0,0.06201550387596899,0.0,0.49612403100775193,0.0,0.0,0.0,0.0
379,506693.0,0.41732283464566927,0.06299212598425197,0.21653543307086615,0.25984251968503935,0.04330708661417323,0.0,0.0,0.0,0.0,0.0
380,621389.0,0.013131715081575806,0.055710306406685235,0.0,0.23756466374850777,0.1062475129327497,0.5873458018304815,0.0,0.0,0.0,0.0
381,592717.0,0.397708674304419,0.0,0.37479541734860883,0.060556464811783964,0.16693944353518822,0.0,0.0,0.0,0.0,0.0
382,623439.0,0.5413105413105413,0.0,0.0,0.019943019943019943,0.11396011396011396,0.0,0.3247863247863248,0.0,0.0,0.0
383,641871.0,0.6270491803278688,0.35450819672131145,0.0,0.018442622950819672,0.0,0.0,0.0,0.0,0.0,0.0
384,596816.0,0.030927835051546393,0.28865979381443296,0.0,0.010309278350515464,0.18556701030927836,0.4845360824742268,0.0,0.0,0.0,0.0
385,594772.0,0.42035398230088494,0.26991150442477874,0.0,0.09734513274336283,0.11504424778761062,0.09734513274336283,0.0,0.0,0.0,0.0
386,600917.0,0.41879350348027844,0.27842227378190254,0.09048723897911833,0.06496519721577726,0.05336426914153132,0.0,0.09396751740139211,0.0,0.0,0.0
387,621397.0,0.3076923076923077,0.0,0.0,0.18729096989966554,0.41471571906354515,0.0903010033444816,0.0,0.0,0.0,0.0
388,430935.0,0.24091695501730104,0.0,0.23313148788927335,0.20717993079584776,0.12932525951557095,0.0,0.1894463667820069,0.0,0.0,0.0
389,600921.0,0.5578947368421052,0.23157894736842105,0.010526315789473684,0.2,0.0,0.0,0.0,0.0,0.0,0.0
390,623451.0,0.3728813559322034,0.11138014527845036,0.23728813559322035,0.0774818401937046,0.2009685230024213,0.0,0.0,0.0,0.0,0.0
391,445276.0,0.06619859578736209,0.07923771313941826,0.0,0.0,0.0,0.0,0.8545636910732196,0.0,0.0,0.0
392,582494.0,0.2558922558922559,0.26936026936026936,0.0,0.05387205387205387,0.08249158249158249,0.3383838383838384,0.0,0.0,0.0,0.0
393,623454.0,0.49122807017543857,0.2631578947368421,0.0,0.14035087719298245,0.10526315789473684,0.0,0.0,0.0,0.0,0.0
394,502624.0,0.38738338516215015,0.0,0.1514882274544647,0.16126166148378498,0.18258551754775657,0.0,0.11728120835184362,0.0,0.0,0.0
395,519008.0,0.0012062726176115801,0.14595898673100122,0.0,0.12424607961399277,0.0,0.7285886610373945,0.0,0.0,0.0,0.0
396,607074.0,0.46225614927905007,0.2527565733672604,0.14673452078032231,0.13825275657336725,0.0,0.0,0.0,0.0,0.0,0.0
397,430947.0,0.0,0.0,0.0,0.0,0.15384615384615385,0.0,0.0,0.0,0.0,0.8461538461538461
398,435043.0,0.036231884057971016,0.1956521739130435,0.0,0.04710144927536232,0.19202898550724637,0.5289855072463768,0.0,0.0,0.0,0.0
399,592741.0,0.491186839012926,0.0846063454759107,0.0,0.0,0.0,0.0,0.0,0.0,0.42420681551116335,0.0
400,471911.0,0.40157998683344304,0.16556945358788677,0.09150757077024359,0.16129032258064516,0.18005266622778143,0.0,0.0,0.0,0.0,0.0
401,516969.0,0.4050761421319797,0.10862944162436548,0.3086294416243655,0.17766497461928935,0.0,0.0,0.0,0.0,0.0,0.0
402,594795.0,0.8177339901477833,0.0,0.022167487684729065,0.0,0.16009852216748768,0.0,0.0,0.0,0.0,0.0
403,594798.0,0.3956356736242884,0.22169512966476915,0.15781151170145477,0.12460468058191018,0.10025300442757748,0.0,0.0,0.0,0.0,0.0
404,600944.0,0.45920303605313095,0.22770398481973433,0.0,0.1461100569259962,0.16698292220113853,0.0,0.0,0.0,0.0,0.0
405,592753.0,0.4375,0.0,0.0625,0.0,0.5,0.0,0.0,0.0,0.0,0.0
406,543606.0,0.4944635357006491,0.10423825887743414,0.0,0.0,0.058419243986254296,0.0,0.11683848797250859,0.0,0.22604047346315387,0.0
407,592761.0,0.4823529411764706,0.21764705882352942,0.020588235294117647,0.27941176470588236,0.0,0.0,0.0,0.0,0.0,0.0
408,594815.0,0.6020942408376964,0.06282722513089005,0.0,0.33507853403141363,0.0,0.0,0.0,0.0,0.0,0.0
409,570240.0,0.6578512396694215,0.2727272727272727,0.0,0.06942148760330578,0.0,0.0,0.0,0.0,0.0,0.0
410,500610.0,0.3886255924170616,0.17535545023696683,0.002369668246445498,0.38388625592417064,0.04976303317535545,0.0,0.0,0.0,0.0,0.0
411,519043.0,0.5165447579240683,0.0,0.0,0.15917798676419367,0.0,0.0,0.14733542319749215,0.1769418321142459,0.0,0.0
412,592773.0,0.6729857819905213,0.19194312796208532,0.0,0.045023696682464455,0.0071090047393364926,0.0,0.0,0.0,0.08293838862559241,0.0
413,600965.0,0.6859504132231405,0.26859504132231404,0.0,0.0,0.045454545454545456,0.0,0.0,0.0,0.0,0.0
414,600968.0,0.671875,0.0,0.0,0.0,0.0,0.0,0.328125,0.0,0.0,0.0
415,519048.0,0.07142857142857142,0.07142857142857142,0.6428571428571429,0.0,0.21428571428571427,0.0,0.0,0.0,0.0,0.0
416,592779.0,0.3145299145299145,0.11623931623931624,0.30427350427350425,0.26495726495726496,0.0,0.0,0.0,0.0,0.0,0.0
417,517008.0,0.3246231155778894,0.0,0.0,0.04623115577889447,0.0,0.0,0.629145728643216,0.0,0.0,0.0
418,570257.0,0.2052313883299799,0.358148893360161,0.43661971830985913,0.0,0.0,0.0,0.0,0.0,0.0,0.0
419,594835.0,0.0,0.0,0.0,0.31098430813124106,0.16547788873038516,0.5235378031383737,0.0,0.0,0.0,0.0
420,572308.0,0.20477815699658702,0.447098976109215,0.3310580204778157,0.017064846416382253,0.0,0.0,0.0,0.0,0.0,0.0
421,592789.0,0.17582417582417584,0.2,0.0,0.18461538461538463,0.10329670329670329,0.3362637362637363,0.0,0.0,0.0,0.0
422,553878.0,0.605240174672489,0.08471615720524017,0.004366812227074236,0.2034934497816594,0.10218340611353711,0.0,0.0,0.0,0.0,0.0
423,592791.0,0.2903364969801553,0.0,0.3511647972389991,0.09879206212251941,0.25970664365832613,0.0,0.0,0.0,0.0,0.0
424,594840.0,0.006648936170212766,0.2393617021276596,0.0,0.047872340425531915,0.0,0.7061170212765957,0.0,0.0,0.0,0.0
425,641941.0,0.6406685236768802,0.28969359331476324,0.04735376044568245,0.022284122562674095,0.0,0.0,0.0,0.0,0.0,0.0
426,600986.0,0.7,0.3,0.0,0.0,0.0,0.0,0.0,0.0,0.0,0.0
427,519076.0,0.28789531079607417,0.1737549981824791,0.0,0.024354780079970918,0.0,0.3242457288258815,0.0003635041802980734,0.18938567793529626,0.0,0.0
428,547749.0,0.7619047619047619,0.0014005602240896359,0.0,0.0,0.23669467787114845,0.0,0.0,0.0,0.0,0.0
429,514981.0,0.3490566037735849,0.1509433962264151,0.08490566037735849,0.3867924528301887,0.02830188679245283,0.0,0.0,0.0,0.0,0.0
430,543652.0,0.11825192802056556,0.23393316195372751,0.0,0.12596401028277635,0.09511568123393316,0.4267352185089974,0.0,0.0,0.0,0.0
431,592811.0,0.026851851851851852,0.32037037037037036,0.0,0.006481481481481481,0.2351851851851852,0.4111111111111111,0.0,0.0,0.0,0.0
432,474029.0,0.24271844660194175,0.0,0.24271844660194175,0.0,0.0,0.0,0.0,0.0,0.5145631067961165,0.0
433,592815.0,0.4607679465776294,0.18530884808013356,0.15692821368948248,0.0,0.19699499165275458,0.0,0.0,0.0,0.0,0.0
434,502706.0,0.1899918633034988,0.12042310821806347,0.0,0.10374288039056143,0.0,0.3608624898291294,0.0,0.22497965825874694,0.0,0.0
435,594867.0,0.21641791044776118,0.20149253731343283,0.3880597014925373,0.0708955223880597,0.12313432835820895,0.0,0.0,0.0,0.0,0.0
436,474039.0,0.0,0.0,0.0,0.9,0.1,0.0,0.0,0.0,0.0,0.0
437,519096.0,0.14893617021276595,0.09574468085106383,0.001182033096926714,0.09810874704491726,0.0,0.6548463356973995,0.001182033096926714,0.0,0.0,0.0
438,453562.0,0.021268793546021268,0.1397139713971397,0.0,0.08287495416208288,0.14301430143014301,0.6131279794646132,0.0,0.0,0.0,0.0
439,592826.0,0.6708860759493671,0.08069620253164557,0.010284810126582278,0.10284810126582279,0.13528481012658228,0.0,0.0,0.0,0.0,0.0
440,607162.0,0.4957983193277311,0.17647058823529413,0.12605042016806722,0.20168067226890757,0.0,0.0,0.0,0.0,0.0,0.0
441,592833.0,0.7862068965517242,0.15172413793103448,0.013793103448275862,0.034482758620689655,0.013793103448275862,0.0,0.0,0.0,0.0,0.0
442,592836.0,0.5470459518599562,0.0,0.03975200583515682,0.0,0.12545587162654998,0.0,0.14989059080962802,0.0,0.13785557986870897,0.0
443,541640.0,0.09095477386934674,0.10703517587939698,0.3507537688442211,0.20402010050251257,0.003015075376884422,0.0,0.24371859296482412,0.0,0.0005025125628140704,0.0
444,541650.0,0.7647058823529411,0.11764705882352941,0.0,0.11764705882352941,0.0,0.0,0.0,0.0,0.0,0.0
445,543699.0,0.20105820105820105,0.16464363523187053,0.3625894802365391,0.12169312169312169,0.15001556178026768,0.0,0.0,0.0,0.0,0.0
446,541652.0,0.4801223241590214,0.3761467889908257,0.05198776758409786,0.09174311926605505,0.0,0.0,0.0,0.0,0.0,0.0
447,642003.0,0.5045317220543807,0.36555891238670696,0.006042296072507553,0.12386706948640483,0.0,0.0,0.0,0.0,0.0,0.0
448,594902.0,0.4296875,0.12926136363636365,0.18394886363636365,0.05397727272727273,0.203125,0.0,0.0,0.0,0.0,0.0
449,607188.0,0.5403337969401947,0.24478442280945759,0.0,0.0,0.04381084840055633,0.0,0.0,0.0,0.17107093184979139,0.0
450,607192.0,0.3379819524200164,0.0,0.3305988515176374,0.10336341263330599,0.2280557834290402,0.0,0.0,0.0,0.0,0.0
451,642008.0,0.21621621621621623,0.23783783783783785,0.372972972972973,0.0,0.0,0.0,0.0,0.0,0.17297297297297298,0.0
452,476123.0,0.5769230769230769,0.0,0.0,0.23076923076923078,0.19230769230769232,0.0,0.0,0.0,0.0,0.0
453,502748.0,0.2622439893143366,0.3628673196794301,0.25111308993766696,0.04407836153161175,0.0,0.0,0.0,0.07969723953695458,0.0,0.0
454,605151.0,0.7550130775937227,0.02877070619006103,0.0008718395815170009,0.0008718395815170009,0.0,0.0,0.0,0.21447253705318223,0.0,0.0
455,607200.0,0.053691275167785234,0.05704697986577181,0.0,0.0,0.10067114093959731,0.4966442953020134,0.07718120805369127,0.0,0.21476510067114093,0.0
456,592865.0,0.7948717948717948,0.1794871794871795,0.02564102564102564,0.0,0.0,0.0,0.0,0.0,0.0,0.0
457,592866.0,0.489247311827957,0.16335814722911496,0.0,0.10421836228287841,0.01943755169561621,0.22373862696443342,0.0,0.0,0.0,0.0
458,605154.0,0.4980392156862745,0.4065359477124183,0.06928104575163399,0.023529411764705882,0.00261437908496732,0.0,0.0,0.0,0.0,0.0
459,592869.0,0.49242424242424243,0.0,0.1893939393939394,0.06818181818181818,0.21212121212121213,0.0,0.03787878787878788,0.0,0.0,0.0
460,519141.0,0.5302432610124918,0.0,0.028599605522682446,0.014464168310322156,0.0,0.0,0.05719921104536489,0.3694937541091387,0.0,0.0
461,519144.0,0.3334323040380047,0.16923990498812352,0.2586104513064133,0.08343230403800475,0.15528503562945367,0.0,0.0,0.0,0.0,0.0
462,592872.0,0.4774193548387097,0.0,0.0,0.36774193548387096,0.09032258064516129,0.0,0.06451612903225806,0.0,0.0,0.0
463,625643.0,0.5830065359477125,0.01699346405228758,0.01045751633986928,0.2601307189542484,0.12941176470588237,0.0,0.0,0.0,0.0,0.0
464,605164.0,0.4406960227272727,0.22478693181818182,0.09659090909090909,0.13494318181818182,0.10298295454545454,0.0,0.0,0.0,0.0,0.0
465,543726.0,0.44171779141104295,0.0,0.006134969325153374,0.0,0.2392638036809816,0.0,0.3128834355828221,0.0,0.0,0.0
466,519151.0,0.4449438202247191,0.18089887640449437,0.10786516853932585,0.0,0.2662921348314607,0.0,0.0,0.0,0.0,0.0
467,592879.0,0.6192203082502267,0.271985494106981,0.0,0.10879419764279238,0.0,0.0,0.0,0.0,0.0,0.0
468,607215.0,0.5271317829457365,0.14728682170542637,0.10594315245478036,0.020671834625323,0.19896640826873385,0.0,0.0,0.0,0.0,0.0
469,605169.0,0.6178010471204188,0.0,0.0,0.010471204188481676,0.0,0.0,0.0,0.3717277486910995,0.0,0.0
470,607219.0,0.45223780895123583,0.27788911155644624,0.17167668670674682,0.08617234468937876,0.012024048096192385,0.0,0.0,0.0,0.0,0.0
471,500724.0,0.05187445510026155,0.32650392327811684,0.458151700087184,0.0,0.16346992153443765,0.0,0.0,0.0,0.0,0.0
472,572403.0,0.2542372881355932,0.1544256120527307,0.3502824858757062,0.02824858757062147,0.2128060263653484,0.0,0.0,0.0,0.0,0.0
473,543734.0,0.15806988352745424,0.018302828618968387,0.0,0.27703826955074873,0.004159733777038269,0.3019966722129784,0.240432612312812,0.0,0.0,0.0
474,605177.0,0.20045558086560364,0.3838268792710706,0.0,0.004555808656036446,0.0011389521640091116,0.41002277904328016,0.0,0.0,0.0,0.0
475,523260.0,0.32456140350877194,0.15497076023391812,0.30701754385964913,0.030214424951267055,0.0009746588693957114,0.0,0.0,0.18226120857699804,0.0,0.0
476,607229.0,0.14069369809477283,0.15437225207620908,0.49047386419149974,0.09965803615046409,0.11480214948705422,0.0,0.0,0.0,0.0,0.0
477,519166.0,0.1859375,0.3125,0.2984375,0.0078125,0.1953125,0.0,0.0,0.0,0.0,0.0
478,605182.0,0.5287958115183246,0.19038553069966682,0.00475963826749167,0.1603998096144693,0.11565920990004759,0.0,0.0,0.0,0.0,0.0
479,451584.0,0.45004757373929594,0.0,0.039961941008563276,0.0,0.0,0.0,0.3006660323501427,0.2093244529019981,0.0,0.0
480,594943.0,0.08196721311475409,0.0,0.5327868852459017,0.13934426229508196,0.045081967213114756,0.0,0.20081967213114754,0.0,0.0,0.0
481,543746.0,0.04941860465116279,0.19476744186046513,0.6627906976744186,0.0,0.09302325581395349,0.0,0.0,0.0,0.0,0.0
482,607231.0,0.32068965517241377,0.05862068965517241,0.3310344827586207,0.19655172413793104,0.09310344827586207,0.0,0.0,0.0,0.0,0.0
483,457732.0,0.5909090909090909,0.0,0.0,0.0,0.06818181818181818,0.0,0.3409090909090909,0.0,0.0,0.0
484,461829.0,0.36133452487339884,0.0,0.20464700625558535,0.1867739052725648,0.247244563598451,0.0,0.0,0.0,0.0,0.0
485,607237.0,0.611336032388664,0.23157894736842105,0.009716599190283401,0.14736842105263157,0.0,0.0,0.0,0.0,0.0,0.0
486,635903.0,0.032467532467532464,0.20454545454545456,0.0,0.23376623376623376,0.006493506493506494,0.5227272727272727,0.0,0.0,0.0,0.0
487,461833.0,0.32083792723263505,0.0,0.15214994487320838,0.1422271223814774,0.0,0.0,0.18412348401323042,0.20066152149944874,0.0,0.0
488,605194.0,0.3381128584643848,0.22571692876965774,0.1341350601295097,0.2160037002775208,0.08603145235892692,0.0,0.0,0.0,0.0,0.0
489,605195.0,0.4,0.20330578512396694,0.03471074380165289,0.05289256198347107,0.0,0.0,0.3090909090909091,0.0,0.0,0.0
490,451596.0,0.31625054752518617,0.21550591327201052,0.19229084537888744,0.09986859395532194,0.17608409986859397,0.0,0.0,0.0,0.0,0.0
491,521230.0,0.641444539982803,0.22012037833190026,0.0997420464316423,0.004299226139294927,0.034393809114359415,0.0,0.0,0.0,0.0,0.0
492,605200.0,0.0,0.0,0.5777994791666666,0.13997395833333334,0.15462239583333334,0.0,0.12760416666666666,0.0,0.0,0.0
493,279571.0,0.4599786552828175,0.3265741728922092,0.09391675560298826,0.005336179295624333,0.11419423692636073,0.0,0.0,0.0,0.0,0.0
494,605204.0,0.30303030303030304,0.0,0.6363636363636364,0.0,0.06060606060606061,0.0,0.0,0.0,0.0,0.0
495,435221.0,0.28918169209431344,0.014563106796116505,0.0,0.02565880721220527,0.21567267683772537,0.21428571428571427,0.2406380027739251,0.0,0.0,0.0
496,543766.0,0.00995850622406639,0.11867219917012448,0.0,0.0,0.0,0.0,0.8713692946058091,0.0,0.0,0.0
497,642073.0,0.44871794871794873,0.4807692307692308,0.0,0.04487179487179487,0.02564102564102564,0.0,0.0,0.0,0.0,0.0
498,607259.0,0.38127090301003347,0.0,0.18171683389074694,0.11705685618729098,0.18729096989966554,0.0,0.1326644370122631,0.0,0.0,0.0
499,500765.0,0.5580524344569289,0.2397003745318352,0.04119850187265917,0.16104868913857678,0.0,0.0,0.0,0.0,0.0,0.0
500,605218.0,0.700354609929078,0.0,0.0008865248226950354,0.0,0.2987588652482269,0.0,0.0,0.0,0.0,0.0
501,543779.0,0.6088235294117647,0.0,0.01764705882352941,0.18529411764705883,0.18823529411764706,0.0,0.0,0.0,0.0,0.0
502,547874.0,0.2108695652173913,0.0,0.0,0.0,0.06956521739130435,0.18478260869565216,0.34130434782608693,0.0,0.1934782608695652,0.0
503,642083.0,0.3116883116883117,0.24675324675324675,0.0,0.09956709956709957,0.0,0.341991341991342,0.0,0.0,0.0,0.0
504,605222.0,0.3333333333333333,0.2222222222222222,0.3333333333333333,0.0,0.1111111111111111,0.0,0.0,0.0,0.0,0.0
505,457768.0,0.309375,0.0,0.0,0.003125,0.11875,0.253125,0.315625,0.0,0.0,0.0
506,461865.0,0.9615384615384616,0.0,0.0,0.038461538461538464,0.0,0.0,0.0,0.0,0.0,0.0
507,594986.0,0.3114754098360656,0.0,0.0,0.05737704918032787,0.040983606557377046,0.3442622950819672,0.2459016393442623,0.0,0.0,0.0
508,500779.0,0.3749605802585935,0.0,0.0,0.0901923683380637,0.28129927467675814,0.2535477767265847,0.0,0.0,0.0,0.0
509,656427.0,0.2949438202247191,0.25,0.25842696629213485,0.05898876404494382,0.0,0.0,0.0,0.13764044943820225,0.0,0.0
510,547888.0,0.1396508728179551,0.31848949055931597,0.0,0.0,0.05913786961168507,0.18240114000712504,0.05201282508015675,0.0,0.24830780192376203,0.0
511,605232.0,0.2647058823529412,0.13025210084033614,0.0,0.17647058823529413,0.0,0.42857142857142855,0.0,0.0,0.0,0.0
512,461872.0,0.48607796340493237,0.5139220365950676,0.0,0.0,0.0,0.0,0.0,0.0,0.0,0.0
513,594992.0,0.29206963249516443,0.40618955512572535,0.0,0.0019342359767891683,0.0,0.29980657640232106,0.0,0.0,0.0,0.0
514,642098.0,0.6181818181818182,0.2,0.01818181818181818,0.03636363636363636,0.12727272727272726,0.0,0.0,0.0,0.0,0.0
515,605240.0,0.14728682170542637,0.07751937984496124,0.4108527131782946,0.06976744186046512,0.17054263565891473,0.0,0.12403100775193798,0.0,0.0,0.0
516,595001.0,0.3235294117647059,0.185121107266436,0.08131487889273356,0.02768166089965398,0.15397923875432526,0.0,0.22837370242214533,0.0,0.0,0.0
517,605242.0,0.2672866963202588,0.20986655883542257,0.3291548726243429,0.1888394662353417,0.0,0.0,0.0,0.004852405984634048,0.0,0.0
518,664641.0,0.5770097670924117,0.25582268970698724,0.0,0.0,0.0,0.0,0.0,0.0,0.16716754320060107,0.0
519,433217.0,0.0,0.0,0.0,0.0,1.0,0.0,0.0,0.0,0.0,0.0
520,595014.0,0.15604026845637584,0.25838926174496646,0.0,0.06879194630872483,0.0,0.5167785234899329,0.0,0.0,0.0,0.0
521,605254.0,0.34240506329113923,0.21772151898734177,0.1860759493670886,0.10379746835443038,0.15,0.0,0.0,0.0,0.0,0.0
522,519240.0,0.002,0.306,0.0,0.094,0.0,0.598,0.0,0.0,0.0,0.0
523,519242.0,0.36875912408759126,0.32905109489051093,0.11386861313868613,0.18832116788321168,0.0,0.0,0.0,0.0,0.0,0.0
524,451661.0,0.7890011223344556,0.0,0.0,0.024691358024691357,0.0,0.0,0.0,0.186307519640853,0.0,0.0
525,595032.0,0.4346246973365617,0.2566585956416465,0.0012106537530266344,0.30145278450363194,0.006053268765133172,0.0,0.0,0.0,0.0,0.0
526,607320.0,0.321875,0.0,0.0,0.25625,0.1625,0.0,0.259375,0.0,0.0,0.0
527,519263.0,0.08577405857740586,0.0,0.0,0.3786610878661088,0.05230125523012552,0.48326359832635984,0.0,0.0,0.0,0.0
528,519267.0,0.5076923076923077,0.0,0.03076923076923077,0.0,0.24615384615384617,0.0,0.2153846153846154,0.0,0.0,0.0
529,547943.0,0.34059687351965895,0.03979156797726196,0.02936996684036002,0.2539081004263382,0.15727143533870203,0.0,0.17906205589767882,0.0,0.0,0.0
530,543859.0,0.3224181360201511,0.2947103274559194,0.0,0.0,0.0,0.3249370277078086,0.05793450881612091,0.0,0.0,0.0
531,607352.0,0.062111801242236024,0.0,0.4834368530020704,0.14389233954451347,0.21480331262939958,0.0,0.09575569358178054,0.0,0.0,0.0
532,543867.0,0.6191950464396285,0.0,0.0,0.05572755417956656,0.32507739938080493,0.0,0.0,0.0,0.0,0.0
533,664701.0,0.39617486338797814,0.25136612021857924,0.2650273224043716,0.08743169398907104,0.0,0.0,0.0,0.0,0.0,0.0
534,519294.0,0.5539772727272727,0.2708333333333333,0.013257575757575758,0.0,0.0,0.0,0.0,0.0,0.16193181818181818,0.0
535,605309.0,0.5816993464052288,0.0,0.0,0.013071895424836602,0.40522875816993464,0.0,0.0,0.0,0.0,0.0
536,519301.0,0.00683371298405467,0.0,0.0,0.11389521640091116,0.0,0.621867881548975,0.0,0.25740318906605925,0.0,0.0
537,547973.0,0.7692307692307693,0.19632606199770378,0.0,0.03444316877152698,0.0,0.0,0.0,0.0,0.0,0.0
538,500872.0,0.5784418356456777,0.23799359658484526,0.0010672358591248667,0.0192102454642476,0.1632870864461046,0.0,0.0,0.0,0.0,0.0
539,543883.0,0.35873015873015873,0.008465608465608466,0.07089947089947089,0.047619047619047616,0.005291005291005291,0.0,0.508994708994709,0.0,0.0,0.0
540,547982.0,0.5294117647058824,0.0,0.0,0.11764705882352941,0.35294117647058826,0.0,0.0,0.0,0.0,0.0
541,605333.0,0.8285714285714286,0.0,0.0,0.10476190476190476,0.06666666666666667,0.0,0.0,0.0,0.0,0.0
542,519322.0,0.1628162816281628,0.38613861386138615,0.0,0.17601760176017603,0.0,0.27502750275027504,0.0,0.0,0.0,0.0
543,543901.0,0.0,0.0,0.0,0.07692307692307693,0.2692307692307692,0.6538461538461539,0.0,0.0,0.0,0.0
544,519326.0,0.5733197556008147,0.3004073319755601,0.1120162932790224,0.014256619144602852,0.0,0.0,0.0,0.0,0.0,0.0
545,613534.0,0.4198473282442748,0.4732824427480916,0.10687022900763359,0.0,0.0,0.0,0.0,0.0,0.0,0.0
546,656546.0,0.6693598508390305,0.09011808576755749,0.0,0.06028589185829708,0.18023617153511498,0.0,0.0,0.0,0.0,0.0
547,656547.0,0.3755725190839695,0.3267175572519084,0.0015267175572519084,0.013740458015267175,0.2824427480916031,0.0,0.0,0.0,0.0,0.0
548,605347.0,0.6285714285714286,0.0,0.11428571428571428,0.2,0.05714285714285714,0.0,0.0,0.0,0.0,0.0
549,605359.0,0.28688524590163933,0.18032786885245902,0.36885245901639346,0.16393442622950818,0.0,0.0,0.0,0.0,0.0,0.0
550,519344.0,0.29333333333333333,0.20666666666666667,0.0,0.03,0.18666666666666668,0.2833333333333333,0.0,0.0,0.0,0.0
551,642229.0,0.20447284345047922,0.14696485623003194,0.0,0.20447284345047922,0.17252396166134185,0.2715654952076677,0.0,0.0,0.0,0.0
552,627894.0,0.47685185185185186,0.3287037037037037,0.09490740740740741,0.09953703703703703,0.0,0.0,0.0,0.0,0.0,0.0
553,642231.0,0.002976190476190476,0.22321428571428573,0.7261904761904762,0.047619047619047616,0.0,0.0,0.0,0.0,0.0,0.0
554,580792.0,0.5245535714285714,0.47544642857142855,0.0,0.0,0.0,0.0,0.0,0.0,0.0,0.0
555,457915.0,0.5391849529780565,0.29153605015673983,0.0,0.05956112852664577,0.09404388714733543,0.0,0.01567398119122257,0.0,0.0,0.0
556,457918.0,0.4301248489730165,0.12283527990334273,0.2790978654853,0.11518324607329843,0.052758759565042286,0.0,0.0,0.0,0.0,0.0
557,543935.0,0.2962962962962963,0.344973544973545,0.28994708994708995,0.0031746031746031746,0.0656084656084656,0.0,0.0,0.0,0.0,0.0
558,642239.0,0.6437246963562753,0.0,0.0,0.024291497975708502,0.1214574898785425,0.0,0.21052631578947367,0.0,0.0,0.0
559,435400.0,0.19384615384615383,0.0,0.26461538461538464,0.015384615384615385,0.0,0.0,0.5261538461538462,0.0,0.0,0.0
560,605388.0,0.13611416026344675,0.3260153677277717,0.19538968166849616,0.2513721185510428,0.0889132821075741,0.0,0.0021953896816684962,0.0,0.0,0.0
561,605397.0,0.4053439454235361,0.27515633882888,0.0,0.09664582148948266,0.09437180216031836,0.08129619101762366,0.04718590108015918,0.0,0.0,0.0
562,605400.0,0.3246996996996997,0.0,0.2120870870870871,0.1554054054054054,0.3078078078078078,0.0,0.0,0.0,0.0,0.0
563,543964.0,0.2727272727272727,0.3934169278996865,0.0,0.0,0.001567398119122257,0.3322884012539185,0.0,0.0,0.0,0.0
564,607455.0,0.6339712918660287,0.0,0.0,0.1937799043062201,0.1722488038277512,0.0,0.0,0.0,0.0,0.0
565,607457.0,0.5425347222222222,0.4140625,0.0,0.043402777777777776,0.0,0.0,0.0,0.0,0.0,0.0
566,447714.0,0.15202702702702703,0.3547297297297297,0.0,0.0,0.0,0.49324324324324326,0.0,0.0,0.0,0.0
567,607473.0,0.23517786561264822,0.25691699604743085,0.0,0.037549407114624504,0.0,0.47035573122529645,0.0,0.0,0.0,0.0
568,593140.0,0.7174638487208009,0.271412680756396,0.0,0.011123470522803115,0.0,0.0,0.0,0.0,0.0,0.0
569,605428.0,0.10416666666666667,0.0,0.6041666666666666,0.17708333333333334,0.11458333333333333,0.0,0.0,0.0,0.0,0.0
570,595191.0,0.3725950258094791,0.17268887846081651,0.12200844673862037,0.005161895823557016,0.327545753167527,0.0,0.0,0.0,0.0,0.0
571,593144.0,0.6583333333333333,0.3416666666666667,0.0,0.0,0.0,0.0,0.0,0.0,0.0,0.0
572,607481.0,0.16310160427807488,0.3689839572192513,0.0,0.01871657754010695,0.0,0.44919786096256686,0.0,0.0,0.0,0.0
573,605441.0,0.45454545454545453,0.3563636363636364,0.1890909090909091,0.0,0.0,0.0,0.0,0.0,0.0,0.0
574,570632.0,0.31328233657858134,0.23783031988873435,0.2336578581363004,0.2148817802503477,0.0,0.0,0.0003477051460361613,0.0,0.0,0.0
575,605452.0,0.03577512776831346,0.37137989778534924,0.0,0.0817717206132879,0.0,0.5110732538330494,0.0,0.0,0.0,0.0
576,644364.0,0.23837209302325582,0.5232558139534884,0.20348837209302326,0.03488372093023256,0.0,0.0,0.0,0.0,0.0,0.0
577,519443.0,0.5122749590834698,0.0,0.0,0.0,0.0,0.0,0.24877250409165302,0.23895253682487724,0.0,0.0
578,458006.0,0.37343096234309625,0.26359832635983266,0.0,0.0596234309623431,0.0010460251046025104,0.3023012552301255,0.0,0.0,0.0,0.0
579,460059.0,0.005249343832020997,0.1216097987751531,0.0,0.0,0.14960629921259844,0.5879265091863517,0.0,0.0,0.13560804899387577,0.0
580,519455.0,0.4452858765619084,0.24271109428246876,0.09466111321469141,0.06134040136312003,0.15600151457781145,0.0,0.0,0.0,0.0,0.0
581,595234.0,0.6515151515151515,0.11212121212121212,0.0,0.14242424242424243,0.09393939393939393,0.0,0.0,0.0,0.0,0.0
582,476451.0,0.3733691481197237,0.0003837298541826554,0.07329240214888719,0.3027628549501151,0.0,0.0,0.1239447429009977,0.12624712202609362,0.0,0.0
583,605476.0,0.14035087719298245,0.4649122807017544,0.0,0.043859649122807015,0.0,0.3508771929824561,0.0,0.0,0.0,0.0
584,476454.0,0.46132848043676067,0.15741583257506825,0.0,0.0,0.0,0.0,0.0,0.3812556869881711,0.0,0.0
585,570663.0,0.34773445732349845,0.25500526870389884,0.3129610115911486,0.08429926238145416,0.0,0.0,0.0,0.0,0.0,0.0
586,517414.0,0.43660629170638704,0.15252621544327932,0.12297426120114395,0.2669208770257388,0.02001906577693041,0.0,0.0009532888465204957,0.0,0.0,0.0
587,492841.0,0.0,0.0,0.0,0.08333333333333333,0.9166666666666666,0.0,0.0,0.0,0.0,0.0
588,570666.0,0.4182692307692308,0.29967948717948717,0.0016025641025641025,0.19230769230769232,0.08814102564102565,0.0,0.0,0.0,0.0,0.0
589,605483.0,0.5503296703296703,0.13758241758241757,0.0,0.21142857142857144,0.10065934065934067,0.0,0.0,0.0,0.0,0.0
590,488748.0,0.8149498632634458,0.0,0.0,0.0,0.07930720145852324,0.0,0.105742935278031,0.0,0.0,0.0
591,623913.0,0.28125,0.53125,0.09375,0.03125,0.0625,0.0,0.0,0.0,0.0,0.0
592,607536.0,0.2618580948647589,0.25676205409643277,0.3665229321834575,0.0764406115248922,0.03841630733045864,0.0,0.0,0.0,0.0,0.0
593,462136.0,0.5351201478743068,0.0,0.0,0.3185459026494147,0.07732593961799138,0.0,0.06900800985828712,0.0,0.0,0.0
594,572728.0,0.3056179775280899,0.0,0.04719101123595506,0.1146067415730337,0.060674157303370786,0.0,0.47191011235955055,0.0,0.0,0.0
595,488768.0,0.12846826301786393,0.11326491828202205,0.540478905359179,0.13492968453059673,0.08285822881033827,0.0,0.0,0.0,0.0,0.0
596,644428.0,0.5483028720626631,0.17232375979112272,0.0026109660574412533,0.1514360313315927,0.12532637075718014,0.0,0.0,0.0,0.0,0.0
597,572750.0,0.42560175054704596,0.0,0.2800875273522976,0.09190371991247265,0.15426695842450766,0.0,0.04814004376367615,0.0,0.0,0.0
598,570702.0,0.11214953271028037,0.5186915887850467,0.0,0.0,0.0,0.3691588785046729,0.0,0.0,0.0,0.0
599,605528.0,0.30357142857142855,0.21428571428571427,0.2857142857142857,0.19642857142857142,0.0,0.0,0.0,0.0,0.0,0.0
600,474463.0,0.18283166109253066,0.21516164994425863,0.0,0.1426978818283166,0.0,0.3377926421404682,0.0,0.12151616499442586,0.0,0.0
601,605538.0,0.1474820143884892,0.3776978417266187,0.4136690647482014,0.01618705035971223,0.044964028776978415,0.0,0.0,0.0,0.0,0.0
602,456034.0,0.1056,0.0,0.48,0.1448,0.0,0.0,0.208,0.0616,0.0,0.0
603,605540.0,0.6033519553072626,0.2681564245810056,0.0,0.12849162011173185,0.0,0.0,0.0,0.0,0.0,0.0
604,605541.0,0.2973621103117506,0.3069544364508393,0.0,0.07194244604316546,0.007194244604316547,0.31414868105515587,0.002398081534772182,0.0,0.0,0.0
605,658792.0,0.5547445255474452,0.17518248175182483,0.0,0.072992700729927,0.19708029197080293,0.0,0.0,0.0,0.0,0.0
606,595307.0,0.07878787878787878,0.0,0.0,0.20606060606060606,0.1696969696969697,0.5454545454545454,0.0,0.0,0.0,0.0
607,656756.0,0.17425742574257425,0.1314851485148515,0.24475247524752475,0.1889108910891089,0.2605940594059406,0.0,0.0,0.0,0.0,0.0
608,456068.0,0.2623664424218441,0.21408785120696477,0.23426988523941433,0.004352987732489117,0.16778789077958053,0.0,0.0,0.0,0.11713494261970717,0.0
609,554374.0,0.6566820276497696,0.0,0.01152073732718894,0.06451612903225806,0.2672811059907834,0.0,0.0,0.0,0.0,0.0
610,607625.0,0.22276621787025705,0.1499388004895961,0.2631578947368421,0.1689106487148103,0.1744186046511628,0.0,0.0208078335373317,0.0,0.0,0.0
611,488846.0,0.29795520934761444,0.2453748782862707,0.0,0.13242453748782862,0.13339824732229796,0.19084712755598832,0.0,0.0,0.0,0.0
612,595345.0,0.34130434782608693,0.20217391304347826,0.20217391304347826,0.043478260869565216,0.017391304347826087,0.0,0.1934782608695652,0.0,0.0,0.0
613,544150.0,0.3460837887067395,0.1657559198542805,0.0,0.08378870673952642,0.2568306010928962,0.14754098360655737,0.0,0.0,0.0,0.0
614,656794.0,0.6318951392681594,0.04423812124522119,0.0,0.1081376297105407,0.21572910977607865,0.0,0.0,0.0,0.0,0.0
615,572831.0,0.45024469820554647,0.31484502446982054,0.009787928221859706,0.02936378466557912,0.19575856443719414,0.0,0.0,0.0,0.0,0.0
616,425386.0,0.5957446808510638,0.10638297872340426,0.0,0.14893617021276595,0.06382978723404255,0.02127659574468085,0.06382978723404255,0.0,0.0,0.0
617,476589.0,0.3795309168443497,0.43390191897654584,0.008528784648187633,0.10127931769722814,0.07569296375266525,0.0,0.0010660980810234541,0.0,0.0,0.0
618,433586.0,0.2111984282907662,0.11493123772102161,0.4106090373280943,0.0481335952848723,0.0,0.0,0.0,0.2151277013752456,0.0,0.0
619,433587.0,0.2165097755249819,0.08399710354815351,0.0,0.25923244026068065,0.21433743664011587,0.22592324402606806,0.0,0.0,0.0,0.0
620,433589.0,0.4635416666666667,0.0,0.006696428571428571,0.16964285714285715,0.20386904761904762,0.0,0.15625,0.0,0.0,0.0
621,593334.0,0.391304347826087,0.0,0.11462450592885376,0.2134387351778656,0.28063241106719367,0.0,0.0,0.0,0.0,0.0
622,521655.0,0.27472527472527475,0.16483516483516483,0.0,0.0,0.0989010989010989,0.4065934065934066,0.0,0.0,0.054945054945054944,0.0
623,570810.0,0.3559322033898305,0.0,0.14021571648690292,0.2711864406779661,0.23266563944530047,0.0,0.0,0.0,0.0,0.0
624,452027.0,0.24896265560165975,0.19363762102351315,0.0,0.07745504840940526,0.08160442600276625,0.3983402489626556,0.0,0.0,0.0,0.0
625,554430.0,0.4115384615384615,0.2032051282051282,0.20384615384615384,0.046794871794871795,0.1346153846153846,0.0,0.0,0.0,0.0,0.0
626,640455.0,0.5813780260707635,0.1739292364990689,0.0,0.2435754189944134,0.0,0.0011173184357541898,0.0,0.0,0.0,0.0
627,640463.0,0.30184804928131415,0.018480492813141684,0.2915811088295688,0.17659137577002054,0.21149897330595482,0.0,0.0,0.0,0.0,0.0
628,595411.0,0.0045871559633027525,0.30275229357798167,0.0,0.0,0.0,0.6926605504587156,0.0,0.0,0.0,0.0
629,572888.0,0.04456824512534819,0.2757660167130919,0.5171773444753947,0.0,0.008356545961002786,0.0,0.1541318477251625,0.0,0.0,0.0
630,517593.0,0.37472406181015455,0.10596026490066225,0.2196467991169978,0.24392935982339956,0.05573951434878587,0.0,0.0,0.0,0.0,0.0
631,593372.0,0.28104993597951344,0.2592829705505762,0.2740076824583867,0.16965428937259924,0.016005121638924456,0.0,0.0,0.0,0.0,0.0
632,445926.0,0.41125541125541126,0.16017316017316016,0.1458874458874459,0.14415584415584415,0.08051948051948052,0.0,0.05714285714285714,0.0,0.0008658008658008658,0.0
633,456167.0,0.5170325510976533,0.0,0.011355034065102196,0.11127933383800151,0.303557910673732,0.0,0.05677517032551098,0.0,0.0,0.0
634,472551.0,0.2886866059817945,0.0,0.235370611183355,0.22496749024707413,0.0,0.0,0.0,0.25097529258777634,0.0,0.0
635,460269.0,1.0,0.0,0.0,0.0,0.0,0.0,0.0,0.0,0.0,0.0
636,548337.0,0.3076923076923077,0.33974358974358976,0.1987179487179487,0.10256410256410256,0.05128205128205128,0.0,0.0,0.0,0.0,0.0
637,542194.0,0.8773584905660378,0.05660377358490566,0.0,0.0660377358490566,0.0,0.0,0.0,0.0,0.0,0.0
638,503285.0,0.36336633663366336,0.4613861386138614,0.0,0.0,0.0009900990099009901,0.17425742574257425,0.0,0.0,0.0,0.0
639,622072.0,0.0,0.0,0.5044326241134752,0.25443262411347517,0.0,0.0,0.0,0.24113475177304963,0.0,0.0
640,460283.0,0.449671772428884,0.0,0.007658643326039387,0.04157549234135667,0.5010940919037199,0.0,0.0,0.0,0.0,0.0
641,642564.0,0.5501460564751705,0.0,0.0009737098344693282,0.0798442064264849,0.36903602726387535,0.0,0.0,0.0,0.0,0.0
642,548357.0,0.0,0.28035043804755944,0.0,0.11264080100125157,0.1214017521902378,0.4856070087609512,0.0,0.0,0.0,0.0
643,593417.0,0.3724604966139955,0.17155756207674944,0.24830699774266365,0.1873589164785553,0.020316027088036117,0.0,0.0,0.0,0.0,0.0
644,595465.0,0.38461538461538464,0.0,0.05555555555555555,0.0641025641025641,0.17094017094017094,0.0,0.3247863247863248,0.0,0.0,0.0
645,593423.0,0.37763371150729336,0.28038897893030795,0.28363047001620745,0.05834683954619125,0.0,0.0,0.0,0.0,0.0,0.0
646,622097.0,0.33374844333748444,0.22415940224159403,0.27023661270236615,0.1718555417185554,0.0,0.0,0.0,0.0,0.0,0.0
647,425492.0,0.31652989449003516,0.0011723329425556857,0.34232121922626024,0.15357561547479484,0.18640093786635403,0.0,0.0,0.0,0.0,0.0
648,468504.0,0.1623108665749656,0.3535075653370014,0.38308115543328747,0.06052269601100413,0.0405777166437414,0.0,0.0,0.0,0.0,0.0
649,488984.0,0.21749136939010358,0.0,0.24050632911392406,0.0,0.25776754890678943,0.0,0.28423475258918296,0.0,0.0,0.0
650,572955.0,0.4482758620689655,0.0,0.0,0.0,0.5517241379310345,0.0,0.0,0.0,0.0,0.0
651,472610.0,0.32028112449799195,0.23694779116465864,0.3102409638554217,0.0,0.0,0.0,0.0,0.0,0.13253012048192772,0.0
652,548389.0,0.38343296327924853,0.35098206660973524,0.0,0.0623398804440649,0.0,0.0,0.0,0.20324508966695132,0.0,0.0
653,572971.0,0.054337899543379,0.18812785388127853,0.5287671232876713,0.12968036529680366,0.0,0.0,0.09908675799086758,0.0,0.0,0.0
654,462382.0,0.0750256937307297,0.0,0.6073997944501541,0.047276464542651594,0.27029804727646456,0.0,0.0,0.0,0.0,0.0
655,656945.0,0.7027027027027027,0.2972972972972973,0.0,0.0,0.0,0.0,0.0,0.0,0.0,0.0
656,493114.0,0.0,0.0,0.0,0.0,1.0,0.0,0.0,0.0,0.0,0.0
657,572998.0,0.13445378151260504,0.5630252100840336,0.0,0.0,0.0,0.3025210084033613,0.0,0.0,0.0,0.0
658,474699.0,0.13500404203718674,0.0,0.423605497170574,0.004850444624090542,0.0,0.0,0.36863379143088115,0.06790622473726758,0.0,0.0
659,650828.0,0.11148648648648649,0.3885135135135135,0.0,0.0,0.0,0.5,0.0,0.0,0.0,0.0
660,622161.0,0.4774011299435028,0.24858757062146894,0.1497175141242938,0.12429378531073447,0.0,0.0,0.0,0.0,0.0,0.0
661,573016.0,0.07142857142857142,0.19047619047619047,0.0,0.35714285714285715,0.0,0.38095238095238093,0.0,0.0,0.0,0.0
662,628317.0,0.3425287356321839,0.2450574712643678,0.08597701149425287,0.10114942528735632,0.13977011494252872,0.0,0.08551724137931034,0.0,0.0,0.0
663,605795.0,0.4855769230769231,0.0,0.0,0.15865384615384615,0.13942307692307693,0.0,0.21634615384615385,0.0,0.0,0.0
664,493157.0,0.6300148588410104,0.02526002971768202,0.020802377414561663,0.0,0.0,0.0,0.0,0.0,0.32392273402674593,0.0
665,532077.0,0.2940563086548488,0.24504692387904067,0.1553701772679875,0.04171011470281543,0.0,0.0,0.2638164754953076,0.0,0.0,0.0
666,628333.0,0.33954451345755693,0.0,0.0,0.12422360248447205,0.032091097308488616,0.19358178053830227,0.3105590062111801,0.0,0.0,0.0
667,601713.0,0.5393765381460214,0.1505332239540607,0.1214109926168991,0.0406070549630845,0.0,0.0,0.0,0.14807219031993438,0.0,0.0
668,573046.0,0.3430232558139535,0.25872093023255816,0.0377906976744186,0.34011627906976744,0.0,0.0,0.020348837209302327,0.0,0.0,0.0
669,450172.0,0.14606741573033707,0.0,0.0,0.25380039656311965,0.0,0.42366159947124915,0.0,0.17647058823529413,0.0,0.0
670,599683.0,0.4792626728110599,0.2894009216589862,0.03686635944700461,0.07096774193548387,0.12350230414746544,0.0,0.0,0.0,0.0,0.0
671,501381.0,0.4786821705426357,0.3798449612403101,0.007751937984496124,0.13372093023255813,0.0,0.0,0.0,0.0,0.0,0.0
672,573064.0,0.2786885245901639,0.5245901639344263,0.05573770491803279,0.06557377049180328,0.07540983606557378,0.0,0.0,0.0,0.0,0.0
673,622217.0,0.40545454545454546,0.0,0.0036363636363636364,0.14363636363636365,0.07818181818181819,0.0,0.3690909090909091,0.0,0.0,0.0
674,493200.0,0.6089494163424124,0.037937743190661476,0.0029182879377431907,0.07490272373540856,0.01848249027237354,0.0,0.25680933852140075,0.0,0.0,0.0
675,446099.0,0.3205944798301486,0.15711252653927812,0.35881104033970274,0.0,0.16348195329087048,0.0,0.0,0.0,0.0,0.0
676,429719.0,0.37864823348694315,0.2542242703533026,0.22580645161290322,0.0629800307219662,0.07834101382488479,0.0,0.0,0.0,0.0,0.0
677,503449.0,0.3648528099910794,0.3514719000892061,0.22033898305084745,0.03300624442462088,0.030330062444246207,0.0,0.0,0.0,0.0,0.0
678,429722.0,0.32992881460848034,0.3692355307954194,0.19900959455277004,0.10182606004333024,0.0,0.0,0.0,0.0,0.0,0.0
679,450203.0,0.10723296888141295,0.0,0.4348191757779647,0.0,0.28469301934398655,0.0,0.11143818334735071,0.0,0.06181665264928511,0.0
680,571035.0,0.2,0.0,0.4,0.13333333333333333,0.26666666666666666,0.0,0.0,0.0,0.0,0.0
681,489119.0,0.24803407601572738,0.11795543905635648,0.2853866317169069,0.10845347313237222,0.10288335517693316,0.0,0.1372870249017038,0.0,0.0,0.0
682,450212.0,0.0,0.5218317358892439,0.0,0.025559105431309903,0.0,0.45260915867944623,0.0,0.0,0.0,0.0
683,593576.0,0.3704305442729488,0.002437043054427295,0.11454102355808286,0.0,0.0,0.0,0.0,0.0,0.512591389114541,0.0
684,448179.0,0.5344129554655871,0.007197480881691408,0.014844804318488529,0.001799370220422852,0.41025641025641024,0.0,0.03148897885739991,0.0,0.0,0.0
685,462515.0,0.4307692307692308,0.20307692307692307,0.006153846153846154,0.36,0.0,0.0,0.0,0.0,0.0,0.0
686,573109.0,0.29518619436875565,0.4305177111716621,0.06448683015440508,0.17801998183469572,0.023614895549500452,0.0,0.008174386920980926,0.0,0.0,0.0
687,456379.0,0.13307984790874525,0.5437262357414449,0.3041825095057034,0.019011406844106463,0.0,0.0,0.0,0.0,0.0,0.0
688,493247.0,0.0,0.4728079911209767,0.0,0.02885682574916759,0.0,0.4983351831298557,0.0,0.0,0.0,0.0
689,552640.0,0.2897959183673469,0.710204081632653,0.0,0.0,0.0,0.0,0.0,0.0,0.0,0.0
690,573124.0,0.03917050691244239,0.0,0.5817972350230415,0.038018433179723504,0.34101382488479265,0.0,0.0,0.0,0.0,0.0
691,573127.0,0.216,0.44,0.312,0.032,0.0,0.0,0.0,0.0,0.0,0.0
692,607951.0,0.19834710743801653,0.628099173553719,0.08264462809917356,0.09090909090909091,0.0,0.0,0.0,0.0,0.0,0.0
693,523989.0,0.496,0.464,0.032,0.008,0.0,0.0,0.0,0.0,0.0,0.0
694,282332.0,0.0025662959794696323,0.3105218135158255,0.0,0.15568862275449102,0.0,0.22840034217279725,0.3028229255774166,0.0,0.0,0.0
695,542432.0,0.6341222879684418,0.1873767258382643,0.0009861932938856016,0.17751479289940827,0.0,0.0,0.0,0.0,0.0,0.0
696,607968.0,0.32954545454545453,0.2727272727272727,0.09090909090909091,0.03409090909090909,0.011363636363636364,0.0,0.26136363636363635,0.0,0.0,0.0
697,628452.0,0.3346872461413485,0.3021933387489846,0.0,0.13566206336311942,0.0016246953696181965,0.2258326563769293,0.0,0.0,0.0,0.0
698,450282.0,0.34959349593495936,0.3252032520325203,0.3252032520325203,0.0,0.0,0.0,0.0,0.0,0.0,0.0
699,573185.0,0.4468983436180578,0.28873010717765507,0.05683663527119195,0.17797986359207535,0.029555050341019812,0.0,0.0,0.0,0.0,0.0
700,573186.0,0.11288265306122448,0.24394132653061223,0.5124362244897959,0.05994897959183673,0.03571428571428571,0.0,0.035076530612244895,0.0,0.0,0.0
701,450306.0,0.025684931506849314,0.0,0.4469178082191781,0.32431506849315067,0.0,0.0,0.0,0.20308219178082193,0.0,0.0
702,450308.0,0.2891566265060241,0.15060240963855423,0.2063253012048193,0.17771084337349397,0.17620481927710843,0.0,0.0,0.0,0.0,0.0
703,503566.0,0.5,0.4,0.0,0.1,0.0,0.0,0.0,0.0,0.0,0.0
704,593679.0,0.16111111111111112,0.37037037037037035,0.0,0.07407407407407407,0.001851851851851852,0.387037037037037,0.005555555555555556,0.0,0.0,0.0
705,448281.0,0.8765903307888041,0.04961832061068702,0.0,0.0,0.002544529262086514,0.0,0.0,0.0,0.07124681933842239,0.0
706,608032.0,0.697391304347826,0.17565217391304347,0.04695652173913043,0.08,0.0,0.0,0.0,0.0,0.0,0.0
707,614179.0,0.3333333333333333,0.2,0.4666666666666667,0.0,0.0,0.0,0.0,0.0,0.0,0.0
708,622382.0,0.45714285714285713,0.14285714285714285,0.0,0.4,0.0,0.0,0.0,0.0,0.0,0.0
709,489265.0,0.18632855567805953,0.5843439911797134,0.0,0.07276736493936053,0.0,0.1565600882028666,0.0,0.0,0.0,0.0
710,448306.0,0.2755208333333333,0.0,0.13489583333333333,0.11458333333333333,0.0,0.0,0.265625,0.209375,0.0,0.0
711,456501.0,0.3179833267169512,0.23025009924573242,0.18459706232631998,0.20404922588328703,0.0011909487892020642,0.0,0.061929337038507344,0.0,0.0,0.0
712,657205.0,0.5333333333333333,0.2222222222222222,0.014814814814814815,0.22962962962962963,0.0,0.0,0.0,0.0,0.0,0.0
713,501563.0,0.7294117647058823,0.2605042016806723,0.010084033613445379,0.0,0.0,0.0,0.0,0.0,0.0,0.0
714,573244.0,0.5463576158940397,0.12582781456953643,0.0033112582781456954,0.19536423841059603,0.1291390728476821,0.0,0.0,0.0,0.0,0.0
715,425794.0,0.19285042333019756,0.0,0.0,0.041392285983066796,0.26152398871119475,0.2681091251175917,0.2361241768579492,0.0,0.0,0.0
716,659275.0,0.4380120152921901,0.3828509011469143,0.1152375750955762,0.05188421627525942,0.012015292190060076,0.0,0.0,0.0,0.0,0.0
717,591693.0,0.423728813559322,0.5024925224327019,0.0,0.0029910269192422734,0.0707876370887338,0.0,0.0,0.0,0.0,0.0
718,489294.0,0.5108695652173914,0.0,0.0,0.0,0.4891304347826087,0.0,0.0,0.0,0.0,0.0
719,591701.0,0.366412213740458,0.007633587786259542,0.09923664122137404,0.16793893129770993,0.35877862595419846,0.0,0.0,0.0,0.0,0.0
720,458584.0,0.0,0.0,0.0,0.0,0.2112676056338028,0.0,0.7887323943661971,0.0,0.0,0.0
721,501593.0,0.020581113801452784,0.0,0.39588377723970947,0.4939467312348668,0.08958837772397095,0.0,0.0,0.0,0.0,0.0
722,425844.0,0.39158163265306123,0.2267219387755102,0.09088010204081633,0.16135204081632654,0.12946428571428573,0.0,0.0,0.0,0.0,0.0
723,489334.0,0.11843137254901961,0.26823529411764707,0.0,0.01803921568627451,0.0,0.5152941176470588,0.0,0.08,0.0,0.0
724,501625.0,0.3455978975032852,0.04862023653088042,0.21287779237844942,0.17082785808147175,0.18922470433639949,0.0,0.0328515111695138,0.0,0.0,0.0
725,276351.0,0.6077694235588973,0.33709273182957394,0.03007518796992481,0.02506265664160401,0.0,0.0,0.0,0.0,0.0,0.0
726,112526.0,0.1972818939061815,0.07277509864094696,0.6295484436650591,0.09732573432704954,0.0,0.0,0.003068829460762823,0.0,0.0,0.0
727,622491.0,0.4659474039109912,0.1523937963587323,0.15711395819285232,0.22454484153742413,0.0,0.0,0.0,0.0,0.0,0.0
728,622492.0,0.7090909090909091,0.18181818181818182,0.01818181818181818,0.09090909090909091,0.0,0.0,0.0,0.0,0.0,0.0
729,446372.0,0.14402451481103168,0.0,0.0,0.06128702757916241,0.2805583929179435,0.285665645216207,0.22846441947565543,0.0,0.0,0.0
730,622505.0,0.06716417910447761,0.11940298507462686,0.0,0.11940298507462686,0.0,0.6940298507462687,0.0,0.0,0.0,0.0
731,475054.0,0.10365853658536585,0.5426829268292683,0.35365853658536583,0.0,0.0,0.0,0.0,0.0,0.0,0.0
732,606131.0,0.08307210031347963,0.3083855799373041,0.5466300940438872,0.0,0.0,0.0,0.0,0.0,0.06191222570532915,0.0
733,458676.0,0.41397849462365593,0.07526881720430108,0.1881720430107527,0.08602150537634409,0.0913978494623656,0.0,0.14516129032258066,0.0,0.0,0.0
734,458677.0,0.6560283687943262,0.10460992907801418,0.016843971631205674,0.0017730496453900709,0.0,0.0,0.22074468085106383,0.0,0.0,0.0
735,458681.0,0.3672496025437202,0.0,0.42639109697933225,0.0534181240063593,0.048012718600953894,0.0,0.10492845786963434,0.0,0.0,0.0
736,599998.0,0.47345132743362833,0.4690265486725664,0.022123893805309734,0.035398230088495575,0.0,0.0,0.0,0.0,0.0,0.0
737,446399.0,0.30974358974358973,0.0,0.0,0.13128205128205128,0.0,0.09948717948717949,0.1682051282051282,0.29128205128205126,0.0,0.0
738,501697.0,0.1568627450980392,0.23632610939112486,0.4695562435500516,0.13725490196078433,0.0,0.0,0.0,0.0,0.0,0.0
739,458690.0,0.07063197026022305,0.055762081784386616,0.0,0.137546468401487,0.1895910780669145,0.5464684014869888,0.0,0.0,0.0,0.0
740,606149.0,0.6363636363636364,0.3140495867768595,0.0,0.049586776859504134,0.0,0.0,0.0,0.0,0.0,0.0
741,624586.0,0.3466981132075472,0.5,0.05778301886792453,0.09551886792452831,0.0,0.0,0.0,0.0,0.0,0.0
742,477132.0,0.4662852472415202,0.3436861463015938,0.011442582754393135,0.01021659174499387,0.16836943195749898,0.0,0.0,0.0,0.0,0.0
743,595918.0,0.4608050847457627,0.2086864406779661,0.08686440677966102,0.06673728813559322,0.17584745762711865,0.0,0.001059322033898305,0.0,0.0,0.0
744,606160.0,0.40812641083521445,0.24966139954853273,0.1562076749435666,0.18600451467268622,0.0,0.0,0.0,0.0,0.0,0.0
745,458708.0,0.18653846153846154,0.0,0.0,0.07307692307692308,0.24086538461538462,0.15913461538461537,0.3403846153846154,0.0,0.0,0.0
746,606167.0,0.4347326049453709,0.23289246693502014,0.12938470385278897,0.1799884991374353,0.023001725129384705,0.0,0.0,0.0,0.0,0.0
747,544727.0,0.21654501216545013,0.15571776155717762,0.0,0.0,0.0,0.5717761557177615,0.0,0.0,0.05596107055961071,0.0
748,595928.0,0.6666666666666666,0.21212121212121213,0.11515151515151516,0.006060606060606061,0.0,0.0,0.0,0.0,0.0,0.0
749,602083.0,0.4,0.2,0.12,0.08,0.2,0.0,0.0,0.0,0.0,0.0
750,489446.0,0.5365344467640919,0.2661795407098121,0.08872651356993737,0.0,0.0,0.0,0.0,0.0,0.10855949895615867,0.0
751,628711.0,0.46601941747572817,0.13592233009708737,0.05825242718446602,0.2524271844660194,0.08737864077669903,0.0,0.0,0.0,0.0,0.0
752,475115.0,0.4668737060041408,0.3498964803312629,0.18115942028985507,0.002070393374741201,0.0,0.0,0.0,0.0,0.0,0.0
753,456696.0,0.2731829573934837,0.24937343358395989,0.24561403508771928,0.0,0.23182957393483708,0.0,0.0,0.0,0.0,0.0
754,456701.0,0.38270820089001906,0.20915448188175462,0.1729179910998093,0.0006357279084551812,0.0,0.0,0.0,0.04322949777495232,0.19135410044500953,0.0
466948,,,,,,,,,,,
